d_semana,hora,municipio,bairro,sexo,idade,lat,long
quinta,18,CURITIBA,SANTA FELICIDADE,Masculino,42,-25.3939453220515,-49.3493506018544
quinta,18,CURITIBA,SANTA FELICIDADE,Masculino,42,-25.3939453220515,-49.3493506018544
sexta,11,CURITIBA,TATUQUARA,Feminino,57,-25.5686137949943,-49.3200419144058
sexta,8,CURITIBA,CENTRO,Feminino,37,-25.4495281,-49.2650481
quinta,6,CURITIBA,NOVO MUNDO,Feminino,42,-25.482244009184,-49.2928319311488
sabado,13,CURITIBA,BAIRRO ALTO,Masculino,25,-25.4230139886661,-49.2088690934885
sexta,18,CURITIBA,AGUA VERDE,Masculino,5,-25.4713135,-49.2943263
segunda,13,CURITIBA,CENTRO,Feminino,22,-25.4637279731938,-49.2602663492894
segunda,18,CURITIBA,PORTAO,,,-25.477307690747,-49.2923649660877
segunda,17,CURITIBA,CENTRO,Feminino,19,-25.444374,-49.2751219
terça,14,CURITIBA,CENTRO,Masculino,68,-25.4321149273431,-49.2657404459793
terça,17,CURITIBA,SAO BRAZ,Feminino,64,-25.4173422408279,-49.3438834915927
terça,20,CURITIBA,SITIO CERCADO,Feminino,49,-25.5508035992452,-49.2483501297512
terça,20,CURITIBA,XAXIM,Masculino,59,-25.5120539264272,-49.2743645364136
terça,22,CURITIBA,CABRAL,Masculino,31,-25.4101719752129,-49.2560762264019
quarta,13,CURITIBA,CENTRO CIVICO,Feminino,24,-25.4241411706971,-49.270225738701
sexta,14,CURITIBA,CENTRO,Feminino,55,-25.4300911316791,-49.2636335373119
sexta,14,CURITIBA,CENTRO,Masculino,1,-25.4300911316791,-49.2636335373119
sexta,8,CURITIBA,CABRAL,Masculino,19,-25.4087767,-49.2532547
sabado,7,CURITIBA,CRISTO REI,Feminino,77,-25.4392486454647,-49.2347391363667
sabado,12,CURITIBA,SAO FRANCISCO,Feminino,58,-25.4252475458723,-49.271429027516
segunda,11,CURITIBA,TATUQUARA,Masculino,39,-24.490404,-51.731194
segunda,14,CURITIBA,SAO FRANCISCO,Feminino,23,-25.4089185,-49.3222402
terça,12,CURITIBA,CAJURU,Feminino,23,-25.4466569409295,-49.2169289501465
sabado,16,CURITIBA,UMBARA,Masculino,53,-25.5376629658952,-49.2949392905765
sabado,20,CURITIBA,BOQUEIRAO,Masculino,5,-25.5228234704643,-49.2270717870271
terça,16,CURITIBA,AGUA VERDE,Masculino,76,-25.3850138124519,-49.2480660029327
segunda,7,CURITIBA,REBOUCAS,Masculino,21,-25.4455238848557,-49.2649420233548
segunda,7,CURITIBA,REBOUCAS,Feminino,59,-25.4455238848557,-49.2649420233548
quinta,11,CURITIBA,CIDADE INDUSTRIAL,Masculino,9,-25.4879509994075,-49.3183609705457
quinta,17,CURITIBA,BARREIRINHA,Feminino,34,-25.3522895074303,-49.2646827445094
quinta,12,CURITIBA,ALTO DA GLORIA,Feminino,61,-25.4210613732091,-49.2660540703192
quinta,17,CURITIBA,SITIO CERCADO,Masculino,9,-25.5319896864607,-49.2873166146085
sabado,1,CURITIBA,TATUQUARA,Masculino,21,,
sabado,1,CURITIBA,TATUQUARA,Masculino,20,,
quarta,21,CURITIBA,CENTRO CIVICO,Masculino,57,-25.413454496635,-49.2701669843733
sabado,11,CURITIBA,FAZENDINHA,Feminino,42,-25.4106559009996,-49.2743894255348
quarta,16,CURITIBA,SITIO CERCADO,Masculino,51,-25.5541613765504,-49.2612415587271
sabado,17,CURITIBA,ALTO BOQUEIRAO,Feminino,49,-25.498879511394,-49.2773687559212
segunda,8,CURITIBA,XAXIM,Feminino,16,-25.4744674222845,-49.2520221649492
terça,17,CURITIBA,AGUA VERDE,Masculino,46,-25.4484719257676,-49.2879355093047
terça,17,CURITIBA,AGUA VERDE,Feminino,63,-25.4484719257676,-49.2879355093047
terça,13,CURITIBA,CENTRO,Masculino,49,-25.4312805396387,-49.2718347066983
domingo,23,CURITIBA,BOQUEIRAO,Masculino,16,-25.4707570905864,-49.2304048549524
quinta,0,CURITIBA,CENTRO,Masculino,17,-25.4358134222274,-49.2616873372489
quinta,15,CURITIBA,CENTRO,Feminino,26,-25.4294678706687,-49.2715069785849
sexta,11,CURITIBA,SANTA FELICIDADE,Feminino,68,-25.3867862093796,-49.3267406830787
sexta,16,CURITIBA,XAXIM,Masculino,74,-25.5102568217079,-49.2715879787701
sexta,21,CURITIBA,CIDADE INDUSTRIAL,Masculino,29,-25.5002986404237,-49.3243743828891
sexta,21,CURITIBA,SANTA CANDIDA,Feminino,50,-25.355153934456,-49.2392656733449
sabado,22,CURITIBA,CIDADE INDUSTRIAL,Feminino,20,-25.5008600454236,-49.3503563487244
domingo,18,CURITIBA,BAIRRO ALTO,Masculino,9,-25.4033311149144,-49.1963755697942
sexta,21,CURITIBA,SANTA CANDIDA,Masculino,33,-25.355153934456,-49.2392656733449
segunda,8,CURITIBA,CIDADE INDUSTRIAL,Masculino,50,-25.5278717338826,-49.2981002777961
segunda,19,CURITIBA,BOQUEIRAO,Masculino,17,-25.5228235260748,-49.2270723888689
terça,7,CURITIBA,PINHEIRINHO,Masculino,27,-25.4418502,-49.2644941
terça,7,CURITIBA,PINHEIRINHO,Masculino,62,-25.4418502,-49.2644941
quarta,11,CURITIBA,BACACHERI,Feminino,47,-25.399938588506,-49.2450460466106
quarta,12,CURITIBA,XAXIM,Masculino,61,-25.525888,-49.2639791
quarta,12,CURITIBA,XAXIM,Masculino,21,-25.525888,-49.2639791
quarta,12,CURITIBA,MOSSUNGUE,Feminino,20,-25.4418502,-49.2644941
segunda,12,CURITIBA,REBOUCAS,Masculino,38,-25.4487735,-49.2818769
quinta,18,CURITIBA,CRISTO REI,Feminino,74,-25.4336048357204,-49.2556145406983
quinta,17,CURITIBA,TATUQUARA,Masculino,23,-25.5859026383711,-49.3404547511562
quinta,17,CURITIBA,TATUQUARA,Masculino,45,-25.5859026383711,-49.3404547511562
quinta,17,CURITIBA,TATUQUARA,Masculino,37,-25.5859026383711,-49.3404547511562
quinta,17,CURITIBA,TATUQUARA,Feminino,21,-25.5859026383711,-49.3404547511562
sexta,11,CURITIBA,BOQUEIRAO,Masculino,55,-25.4948664541883,-49.2381517462996
terça,20,CURITIBA,ABRANCHES,Masculino,76,-25.4418502,-49.2644941
sabado,2,CURITIBA,BATEL,Feminino,26,-25.4361441555988,-49.2842162986024
quarta,17,CURITIBA,CIDADE INDUSTRIAL,Masculino,36,-25.5067035430231,-49.3378267163549
sabado,20,CURITIBA,TATUQUARA,Masculino,51,,
sexta,2,CURITIBA,BOQUEIRAO,Masculino,41,-25.5179119065032,-49.2299122188505
domingo,18,CURITIBA,,,,,
segunda,8,CURITIBA,CENTRO CIVICO,Masculino,31,-25.4175516189199,-49.268433415538
segunda,22,CURITIBA,CAPAO RASO,Feminino,31,-25.491619310131,-49.2938588300239
segunda,8,CURITIBA,BOQUEIRAO,Masculino,33,-25.5162579351323,-49.2206520255757
quarta,13,CURITIBA,CIDADE INDUSTRIAL,Feminino,58,-25.501370620014,-49.3199384437457
quinta,21,CURITIBA,BOA VISTA,Masculino,45,-25.3730554,-49.2429301
terça,12,CURITIBA,PINHEIRINHO,Masculino,41,-25.4418502,-49.2644941
terça,19,CURITIBA,UBERABA,Masculino,20,-25.4376616165697,-49.2530231397805
terça,20,CURITIBA,BOQUEIRAO,Masculino,43,-25.5154533973428,-49.223874641826
quarta,16,CURITIBA,HAUER,Masculino,6,-25.4771835312308,-49.2467960289672
quarta,19,CURITIBA,FANNY,Feminino,27,-25.4755560265662,-49.2611192426632
quarta,19,CURITIBA,FANNY,Masculino,12,-25.4755560265662,-49.2611192426632
sexta,15,CURITIBA,CENTRO,Masculino,61,-25.4343168719225,-49.2730866681238
quinta,6,CURITIBA,SEMINARIO,Masculino,54,-25.4372835403798,-49.2653998048236
sabado,13,CURITIBA,SANTA FELICIDADE,Feminino,66,-25.4248443241131,-49.3525249787791
segunda,20,CURITIBA,PINHEIRINHO,Masculino,19,-25.5401741,-49.2879588
segunda,18,CURITIBA,CENTRO CIVICO,Masculino,20,-25.417814094185,-49.265647919505
terça,15,CURITIBA,CIDADE INDUSTRIAL,Masculino,42,-25.4783483291474,-49.3126396732915
terça,15,CURITIBA,CIDADE INDUSTRIAL,Feminino,26,-25.4783483291474,-49.3126396732915
quarta,6,CURITIBA,ALTO DA RUA XV,Feminino,65,-25.4308293636808,-49.2566219554571
terça,7,CURITIBA,VILA IZABEL,Feminino,65,-25.4613423510241,-49.2940848983076
segunda,18,CURITIBA,SITIO CERCADO,Masculino,43,-25.542866822964,-49.276037295092
quarta,14,CURITIBA,CENTRO,Masculino,65,-25.4361503723148,-49.2724363448436
quarta,17,CURITIBA,BOQUEIRAO,Feminino,84,-25.514343152827,-49.2429104221504
quarta,19,CURITIBA,AGUA VERDE,Feminino,13,-25.4605160586855,-49.2851992983798
quarta,13,CURITIBA,ABRANCHES,Feminino,65,-25.3738558466035,-49.2718977966148
quinta,13,CURITIBA,ALTO DA RUA XV,Masculino,54,-25.4226110767337,-49.2506426463524
sexta,12,CURITIBA,ORLEANS,Masculino,64,-25.4418502,-49.2644941
quinta,21,CURITIBA,FAZENDINHA,Masculino,59,-25.4746806612029,-49.3413720352006
sexta,8,CURITIBA,HAUER,Masculino,33,-25.4923595340248,-49.248855085769
sabado,13,CURITIBA,PAROLIN,Masculino,59,-25.4221745890932,-49.287584752233
sabado,8,CURITIBA,AGUA VERDE,Masculino,26,-25.4434902807073,-49.2773183806482
domingo,20,CURITIBA,CIDADE INDUSTRIAL,Feminino,35,-25.5513725820166,-49.34271019372
segunda,8,CURITIBA,SANTA CANDIDA,Feminino,73,-25.3689038359387,-49.2364632728915
segunda,8,CURITIBA,SANTA CANDIDA,Feminino,29,-25.3689038359387,-49.2364632728915
segunda,10,CURITIBA,SAO LOURENCO,Feminino,49,-25.4023578429478,-49.2713689463425
segunda,10,CURITIBA,SITIO CERCADO,Feminino,66,-25.529224809704,-49.2902843958351
segunda,18,CURITIBA,HAUER,Masculino,22,-25.4776750096956,-49.2528176851071
segunda,8,CURITIBA,FAZENDINHA,Masculino,55,-25.4977830757041,-49.3064758598154
segunda,19,CURITIBA,SITIO CERCADO,Masculino,7,-25.5413602629571,-49.2691349074021
terça,12,CURITIBA,SITIO CERCADO,Masculino,14,-25.5403049906133,-49.2711559393934
terça,16,CURITIBA,CAMPO COMPRIDO,Masculino,13,-25.4515374504847,-49.3629895433553
quarta,12,CURITIBA,AHU,Masculino,19,-25.4040022511874,-49.2601739454897
quarta,12,CURITIBA,AHU,Masculino,30,-25.4040022511874,-49.2601739454897
quinta,0,CURITIBA,CIDADE INDUSTRIAL,Masculino,71,-25.479829038331,-49.3490719446584
segunda,21,CURITIBA,REBOUCAS,Masculino,45,-25.4464854460741,-49.2550651366374
quinta,9,CURITIBA,UMBARA,Feminino,30,-25.5617619506763,-49.2665118955146
quinta,14,CURITIBA,AGUA VERDE,Masculino,26,-25.4506795931904,-49.291994788136
sexta,11,CURITIBA,CENTRO,Feminino,50,-25.4349835219809,-49.2643052076499
sabado,14,CURITIBA,BACACHERI,Masculino,27,-25.4043190750487,-49.2471414800725
sabado,14,CURITIBA,BACACHERI,Feminino,5,-25.4043190750487,-49.2471414800725
sexta,23,CURITIBA,XAXIM,Masculino,55,-25.5081218347869,-49.2802218273485
domingo,18,CURITIBA,SITIO CERCADO,Masculino,11,-25.5341209489914,-49.2576837256906
sabado,0,CURITIBA,BATEL,Masculino,38,-25.4367090266367,-49.2856301345165
sabado,0,CURITIBA,BATEL,Masculino,38,-25.4367090266367,-49.2856301345165
sabado,8,CURITIBA,AGUA VERDE,Masculino,76,-25.4434902807073,-49.2773183806482
segunda,12,CURITIBA,UBERABA,Feminino,76,-25.4843691349946,-49.2028730175293
segunda,13,CURITIBA,SITIO CERCADO,Masculino,80,-25.5587018121328,-49.2591205809876
segunda,20,CURITIBA,CIDADE INDUSTRIAL,Masculino,62,-25.508707487318,-49.3236487070518
segunda,8,CURITIBA,AHU,Masculino,39,-25.4111463,-49.2703266
terça,8,CURITIBA,UBERABA,Feminino,54,-25.4992309352857,-49.210399810526
quarta,1,CURITIBA,CIDADE INDUSTRIAL,Feminino,25,-25.4955963506634,-49.323465716534
quarta,13,CURITIBA,PORTAO,Masculino,71,-25.4512507579963,-49.2627213909034
quinta,7,CURITIBA,CIDADE INDUSTRIAL,Masculino,63,-25.5281949,-49.334827
segunda,21,CURITIBA,TARUMA,Masculino,42,-25.4418502,-49.2644941
sabado,23,CURITIBA,GANCHINHO,Masculino,34,-25.5428184770929,-49.2692442539905
sexta,13,CURITIBA,BOM RETIRO,Feminino,63,-25.4104330880954,-49.2754005692186
sabado,0,CURITIBA,CAMPO COMPRIDO,Masculino,44,-25.4403938333083,-49.3458965797921
sexta,14,CURITIBA,CENTRO,Masculino,15,-25.4360125000874,-49.2664979952584
sabado,18,CURITIBA,CIDADE INDUSTRIAL,Feminino,7,-25.5110904895366,-49.3360722637248
sabado,21,CURITIBA,JARDIM BOTANICO,Masculino,21,-25.4403970788869,-49.2489877778468
domingo,18,CURITIBA,PORTAO,Masculino,49,-25.5015351103739,-49.2974746910322
segunda,18,CURITIBA,SITIO CERCADO,Masculino,50,-25.5353787127148,-49.2734909305876
segunda,21,CURITIBA,BACACHERI,Masculino,27,-25.3945530708824,-49.238654445119
segunda,16,CURITIBA,SAO FRANCISCO,Masculino,54,-25.4276846595245,-49.2720137627825
terça,17,CURITIBA,SANTA FELICIDADE,Masculino,49,-25.3910112341957,-49.3432449971428
quarta,19,CURITIBA,REBOUCAS,Masculino,49,-25.4369080099827,-49.2465753426973
quarta,18,CURITIBA,LINDOIA,Feminino,23,-25.4780140547697,-49.2861635541322
quinta,16,CURITIBA,CENTRO,Masculino,43,-25.4361359827094,-49.2625061481524
sexta,15,CURITIBA,BARREIRINHA,Masculino,29,-25.3753709207636,-49.2628841556995
domingo,9,CURITIBA,BARREIRINHA,Feminino,80,-25.3784598305306,-49.2566379024769
segunda,3,CURITIBA,BAIRRO ALTO,,,-25.4418502,-49.2644941
segunda,17,CURITIBA,AGUA VERDE,Feminino,38,-25.447392002917,-49.2921311523962
segunda,19,CURITIBA,NOVO MUNDO,Masculino,3,-25.485983014225,-49.3084263764738
segunda,13,CURITIBA,CENTRO,Masculino,61,-25.4316465838428,-49.2671880810597
sabado,19,CURITIBA,PRADO VELHO,Feminino,38,-25.4418502,-49.2644941
terça,13,CURITIBA,BATEL,Feminino,42,-25.443956119642,-49.2837068414932
terça,13,CURITIBA,BATEL,Feminino,64,-25.443956119642,-49.2837068414932
terça,16,CURITIBA,UBERABA,Masculino,25,-25.4832302442293,-49.2208629500044
domingo,21,CURITIBA,PINHEIRINHO,Feminino,34,-25.4418502,-49.2644941
quinta,20,CURITIBA,PORTAO,Masculino,37,-25.4648877966482,-49.2912543966789
sexta,18,CURITIBA,SANTA QUITERIA,Feminino,15,-25.4661987336588,-49.3147841352747
sexta,18,CURITIBA,SANTA QUITERIA,Masculino,24,-25.4661987336588,-49.3147841352747
sabado,5,CURITIBA,CIDADE INDUSTRIAL,Masculino,58,-25.4385776196032,-49.3658906416791
quinta,6,CURITIBA,CENTRO,Masculino,32,-25.4355498431565,-49.2536193633408
sabado,18,CURITIBA,PINHEIRINHO,Masculino,34,-25.5269894540816,-49.2908202409021
quinta,22,CURITIBA,JARDIM BOTANICO,Masculino,51,-25.4355498431565,-49.2536193633408
domingo,20,CURITIBA,CIDADE INDUSTRIAL,,,-25.4418502,-49.2644941
segunda,0,CURITIBA,BATEL,Masculino,26,-25.4389025,-49.2912399
sexta,15,CURITIBA,CABRAL,Feminino,81,-25.4024239171903,-49.249482294446
segunda,11,CURITIBA,CIDADE INDUSTRIAL,Masculino,55,-25.511445950291,-49.3235274512392
segunda,11,CURITIBA,CENTRO,Feminino,24,-25.4338385728688,-49.2784000020844
segunda,15,CURITIBA,UBERABA,Feminino,6,-25.4827828494752,-49.197889770475
segunda,19,CURITIBA,CIDADE INDUSTRIAL,Masculino,37,-25.5035185839289,-49.3378879038818
segunda,15,CURITIBA,UBERABA,Feminino,65,-25.4827828494752,-49.197889770475
quarta,19,CURITIBA,SITIO CERCADO,Feminino,30,-25.5361295892129,-49.2598427924618
terça,16,CURITIBA,CENTRO,Feminino,51,-25.4243533166405,-49.2701224279353
terça,17,CURITIBA,PINHEIRINHO,Feminino,48,-25.5127257600831,-49.2973085027047
terça,15,CURITIBA,CIDADE INDUSTRIAL,Feminino,20,-25.5491620829271,-49.3384600855306
quarta,17,CURITIBA,JUVEVE,Feminino,64,-25.4113412144388,-49.2582370879056
quinta,8,CURITIBA,SANTO INACIO,Masculino,48,-25.4273623048658,-49.3277992163982
quinta,14,CURITIBA,CENTRO CIVICO,Feminino,36,-25.4241411706971,-49.270225738701
quinta,11,CURITIBA,SANTA CANDIDA,Feminino,63,-25.3811517629834,-49.229238751882
sexta,7,CURITIBA,BAIRRO ALTO,Feminino,5,-25.4006621021842,-49.2079816478193
sexta,11,CURITIBA,VILA IZABEL,Feminino,86,-25.4633993375803,-49.2914810587761
sexta,17,CURITIBA,XAXIM,Masculino,12,-25.5145843500677,-49.2691879463229
terça,18,CURITIBA,PORTAO,Feminino,21,-25.4677183845374,-49.2931464283303
quinta,7,CURITIBA,CIDADE INDUSTRIAL,Feminino,31,-25.5343393768891,-49.3165809677978
sabado,11,CURITIBA,CENTRO,Feminino,70,-25.4324641831964,-49.2722263875325
sabado,20,CURITIBA,CIDADE INDUSTRIAL,Masculino,3,-25.5065013052896,-49.3262732444566
sabado,16,CURITIBA,CIDADE INDUSTRIAL,Masculino,15,-25.5278717338826,-49.2981002777961
sabado,19,CURITIBA,CIDADE INDUSTRIAL,Masculino,50,-25.5417034920324,-49.3086784124587
domingo,9,CURITIBA,UMBARA,Feminino,19,-25.5756974,-49.3008999
domingo,14,CURITIBA,ORLEANS,Masculino,71,-25.4339250531311,-49.3426319682794
domingo,13,CURITIBA,CENTRO,Masculino,48,-25.4355912569035,-49.2573361248869
domingo,13,CURITIBA,CENTRO,Feminino,27,-25.4355912569035,-49.2573361248869
domingo,20,CURITIBA,SITIO CERCADO,Feminino,38,-25.5124584252625,-49.2602091279502
domingo,20,CURITIBA,SANTA FELICIDADE,Feminino,84,-25.3951126791039,-49.347590850879
segunda,8,CURITIBA,CIDADE INDUSTRIAL,Feminino,68,-25.4975194715225,-49.3208466563059
segunda,13,CURITIBA,NOVO MUNDO,Feminino,38,-25.4892518400859,-49.2803962094788
segunda,13,CURITIBA,TINGUI,Feminino,33,-25.3836259246827,-49.2256684370744
segunda,17,CURITIBA,CIDADE INDUSTRIAL,Feminino,9,-25.511808951498,-49.3289155591273
segunda,17,CURITIBA,SITIO CERCADO,Feminino,45,-25.5419070053797,-49.2645215219703
segunda,15,CURITIBA,SITIO CERCADO,Masculino,30,-25.5469549838148,-49.2713199521689
segunda,15,CURITIBA,SITIO CERCADO,Masculino,27,-25.5469549838148,-49.2713199521689
segunda,15,CURITIBA,SITIO CERCADO,Feminino,16,-25.5469549838148,-49.2713199521689
segunda,8,CURITIBA,ABRANCHES,Feminino,64,-25.3800747624677,-49.2791179509859
segunda,15,CURITIBA,HAUER,Feminino,51,-25.4823835603921,-49.2455349996197
segunda,15,CURITIBA,HAUER,Masculino,32,-25.4823835603921,-49.2455349996197
terça,8,CURITIBA,REBOUCAS,Masculino,64,-25.4427878467024,-49.2661279791929
quarta,11,CURITIBA,BIGORRILHO,Masculino,22,-25.438307225897,-49.293306687777
quarta,11,CURITIBA,BIGORRILHO,Feminino,16,-25.438307225897,-49.293306687777
quarta,11,CURITIBA,GUABIROTUBA,Masculino,28,-25.4418502,-49.2644941
quinta,0,CURITIBA,BOQUEIRAO,Feminino,27,-25.5154533973428,-49.223874641826
segunda,23,CURITIBA,CENTRO,Masculino,31,-25.4297838613902,-49.2710401386089
terça,18,CURITIBA,CENTRO,Feminino,62,-25.43049766211,-49.2722212517651
terça,19,CURITIBA,PAROLIN,Feminino,13,-25.4652696,-49.2612059
sexta,10,CURITIBA,,Feminino,65,-25.4316396069468,-49.2610274348412
sexta,17,CURITIBA,JARDIM BOTANICO,Masculino,28,-25.4406767894018,-49.2520189181093
terça,18,CURITIBA,CENTRO,Feminino,7,-25.43049766211,-49.2722212517651
sexta,21,CURITIBA,CENTRO,Feminino,41,-25.4287784846661,-49.2694772413637
sabado,16,CURITIBA,SITIO CERCADO,Feminino,35,-25.5438913628343,-49.2544289656776
sabado,13,CURITIBA,PINHEIRINHO,Masculino,65,-25.4418502,-49.2644941
sabado,22,CURITIBA,TATUQUARA,Masculino,8,-25.5711259399112,-49.3177063586964
sabado,20,CURITIBA,CIDADE INDUSTRIAL,Masculino,24,-25.4418502,-49.2644941
domingo,13,CURITIBA,MERCES,Masculino,11,-25.423636597912,-49.2962356447608
sabado,19,CURITIBA,SITIO CERCADO,Masculino,20,-25.5364390936635,-49.2697571072956
sabado,19,CURITIBA,SITIO CERCADO,Masculino,50,-25.5364390936635,-49.2697571072956
quinta,19,CURITIBA,PINHEIRINHO,Masculino,60,-25.5217364152054,-49.2894002739325
quinta,19,CURITIBA,ALTO BOQUEIRAO,Masculino,26,-25.5346659,-49.2698426
quinta,19,CURITIBA,ALTO BOQUEIRAO,Masculino,49,-25.5346659,-49.2698426
segunda,8,CURITIBA,SITIO CERCADO,,,-25.5358838074384,-49.2718883855591
segunda,17,CURITIBA,UBERABA,Feminino,45,-25.4852737914076,-49.2233664486499
segunda,18,CURITIBA,CIDADE INDUSTRIAL,Feminino,6,-25.5167642445176,-49.3280658595909
segunda,19,CURITIBA,CIDADE INDUSTRIAL,Masculino,27,-25.49638122389,-49.3256954763407
quarta,16,CURITIBA,AGUA VERDE,Masculino,51,-25.4492252937269,-49.2880525315117
terça,10,CURITIBA,ATUBA,Feminino,8,-25.4418502,-49.2644941
terça,17,CURITIBA,XAXIM,Feminino,74,-25.421118589503,-49.2561607584203
terça,7,CURITIBA,SANTO INACIO,Feminino,18,-25.4228841033859,-49.3133418089934
terça,7,CURITIBA,AGUA VERDE,Masculino,23,-25.4673168459236,-49.2805547429928
terça,7,CURITIBA,AGUA VERDE,Feminino,26,-25.4673168459236,-49.2805547429928
terça,7,CURITIBA,AGUA VERDE,Feminino,46,-25.4673168459236,-49.2805547429928
quinta,13,CURITIBA,AGUA VERDE,,,-25.4316262,-49.2610171
quinta,14,CURITIBA,CIDADE INDUSTRIAL,Masculino,2,-25.5289439419144,-49.3359489796187
quinta,17,CURITIBA,TARUMA,Masculino,20,-25.4173679453554,-49.2186758431219
quinta,10,CURITIBA,VISTA ALEGRE,Masculino,23,-25.4079744776434,-49.295074627728
sexta,8,CURITIBA,PAROLIN,Feminino,11,-25.4641370117969,-49.2638623382148
sexta,17,CURITIBA,CENTRO,Feminino,65,-25.4336563186982,-49.2737859373269
sexta,17,CURITIBA,CENTRO,Masculino,31,-25.4336563186982,-49.2737859373269
sexta,19,CURITIBA,CAJURU,Feminino,55,-25.4522537532413,-49.2131773988661
sexta,21,CURITIBA,SITIO CERCADO,Feminino,53,-25.5407962,-49.2733972
sabado,15,CURITIBA,SAO LOURENCO,Feminino,19,-25.3885930786773,-49.2675288202156
sabado,15,CURITIBA,SAO LOURENCO,Feminino,18,-25.3885930786773,-49.2675288202156
quarta,17,CURITIBA,UBERABA,Masculino,8,-25.486236608899,-49.2047254345775
sabado,23,CURITIBA,GUAIRA,Feminino,26,-25.4682638619315,-49.2658272941753
domingo,2,CURITIBA,FAZENDINHA,Masculino,41,-25.4866847570071,-49.3359093096565
domingo,13,CURITIBA,ALTO BOQUEIRAO,Masculino,5,-25.5356660846323,-49.2354120287837
domingo,22,CURITIBA,CENTRO,Masculino,30,-25.4295951,-49.2610657
sexta,19,CURITIBA,ABRANCHES,Feminino,23,-25.4418502,-49.2644941
sexta,10,CURITIBA,SAO LOURENCO,Feminino,47,-25.3877699900593,-49.2675730989904
terça,11,CURITIBA,UMBARA,Feminino,15,-25.5576606227543,-49.2803566512752
terça,13,CURITIBA,CENTRO,Feminino,24,-25.4363679838585,-49.2636423408017
quarta,8,CURITIBA,VILA IZABEL,Feminino,29,-25.452408603383,-49.3042871685775
quarta,8,CURITIBA,VILA IZABEL,Masculino,22,-25.452408603383,-49.3042871685775
quarta,9,CURITIBA,FANNY,Feminino,55,-25.489178190234,-49.275403174333
quarta,12,CURITIBA,,Feminino,81,-25.4304983922572,-49.2674065513368
quarta,15,CURITIBA,FANNY,Masculino,30,-25.4817069464496,-49.2726913222887
quarta,18,CURITIBA,CAJURU,Feminino,25,-25.4369459875227,-49.2439577376439
quarta,20,CURITIBA,CAXIMBA,Feminino,32,-25.616516524119,-49.3542413546762
quinta,7,CURITIBA,ATUBA,Feminino,45,-25.3907138146363,-49.2237005483239
quinta,17,CURITIBA,PORTAO,Masculino,17,-25.4476775723327,-49.2878016335463
quinta,17,CURITIBA,BOQUEIRAO,Masculino,9,-25.5098222794378,-49.2223562207586
quinta,12,CURITIBA,SITIO CERCADO,Feminino,12,-25.5382307,-49.2601067
quinta,16,CURITIBA,SITIO CERCADO,Feminino,2,-25.5526645226791,-49.2509713999891
quinta,16,CURITIBA,SITIO CERCADO,Masculino,27,-25.5526645226791,-49.2509713999891
quinta,16,CURITIBA,SITIO CERCADO,Masculino,22,-25.5526645226791,-49.2509713999891
quinta,13,CURITIBA,CENTRO,Feminino,5,-25.4348820483854,-49.2689024446503
sexta,7,CURITIBA,CAMPO COMPRIDO,Masculino,33,-25.4366365126676,-49.308691724039
sexta,13,CURITIBA,CENTRO,Feminino,17,-25.435171650919,-49.2782370465202
sexta,14,CURITIBA,BOM RETIRO,Feminino,36,-25.4159230621099,-49.2817269165776
sexta,17,CURITIBA,PINHEIRINHO,Feminino,44,-25.5197107947452,-49.3262588651589
sexta,18,CURITIBA,BACACHERI,Masculino,24,-25.3993049951178,-49.2368192683844
sexta,18,CURITIBA,BACACHERI,Masculino,18,-25.3993049951178,-49.2368192683844
quinta,17,CURITIBA,PINHEIRINHO,Feminino,13,-25.521644388406,-49.2797797594349
sexta,23,CURITIBA,TATUQUARA,Masculino,25,-25.5615644932225,-49.3392826256249
segunda,7,CURITIBA,REBOUCAS,Feminino,83,-25.4454550162066,-49.2647529279875
sexta,23,CURITIBA,TATUQUARA,Masculino,55,-25.5615644932225,-49.3392826256249
segunda,19,CURITIBA,CENTRO,Masculino,42,-25.4244641969725,-49.270034170557
terça,1,CURITIBA,PILARZINHO,Feminino,18,-25.3900277934014,-49.2890228421847
sexta,16,CURITIBA,ALTO BOQUEIRAO,Masculino,6,-25.5237999309191,-49.2334965866657
terça,9,CURITIBA,NOVO MUNDO,Masculino,73,-25.4845546103886,-49.3051879412399
terça,19,CURITIBA,CAPAO RASO,Masculino,24,-25.4869240616067,-49.2944328917206
terça,13,CURITIBA,XAXIM,Masculino,84,-25.5067369952954,-49.2737331228075
quinta,17,CURITIBA,JARDIM BOTANICO,Masculino,17,-25.4366413118998,-49.2567195595623
quarta,19,CURITIBA,CENTRO,Feminino,60,-25.4389334066081,-49.2791036943144
quarta,19,CURITIBA,CENTRO,Masculino,17,-25.4412501414783,-49.2669496681833
quarta,16,CURITIBA,BARREIRINHA,Masculino,83,-25.3812194997458,-49.2612925004779
quinta,17,CURITIBA,CAPAO RASO,Feminino,72,-25.4978216672751,-49.2864929679944
quinta,21,CURITIBA,SITIO CERCADO,Feminino,44,-25.5350708588961,-49.2714373818482
quinta,19,CURITIBA,CAJURU,Feminino,13,-25.4623971373349,-49.2035512220412
sexta,12,CURITIBA,CIDADE INDUSTRIAL,Masculino,32,-25.5227696071118,-49.3323024308959
sexta,17,CURITIBA,,Masculino,45,-25.4367304431823,-49.2602659329748
sabado,19,CURITIBA,BACACHERI,Masculino,21,-25.3934779,-49.2391703
sabado,23,CURITIBA,PAROLIN,Masculino,41,-25.4626002281089,-49.2716484859399
sabado,19,CURITIBA,BACACHERI,Masculino,64,-25.3934779,-49.2391703
domingo,18,CURITIBA,CIDADE INDUSTRIAL,,,-25.5284606079721,-49.338044903311
segunda,12,CURITIBA,PINHEIRINHO,Masculino,12,-25.4418502,-49.2644941
segunda,11,CURITIBA,CENTRO,Feminino,70,-25.4435416849963,-49.2725856982758
terça,11,CURITIBA,CENTRO,Feminino,33,-25.4362273155998,-49.2880477704407
terça,17,CURITIBA,SITIO CERCADO,Masculino,16,-25.5321587689979,-49.2703752001898
quarta,7,CURITIBA,ATUBA,Masculino,47,-25.3881292154405,-49.2084510348935
sabado,19,CURITIBA,CENTRO,Masculino,19,-25.4302923207646,-49.272416388318
quarta,18,CURITIBA,ALTO BOQUEIRAO,Feminino,72,-25.5165102,-49.256236
quarta,20,CURITIBA,CAMPO DE SANTANA,Masculino,17,-25.5878540797128,-49.3409644915799
quarta,13,CURITIBA,BOQUEIRAO,Masculino,74,-25.5130668316614,-49.2320000117852
quinta,14,CURITIBA,CENTRO,Feminino,48,-25.4350706496068,-49.2815039927535
quinta,18,CURITIBA,TATUQUARA,Feminino,13,-25.5589324802047,-49.3409339772449
quinta,21,CURITIBA,HAUER,Feminino,34,-25.505403435893,-49.2316516267352
quinta,22,CURITIBA,SANTO INACIO,Feminino,36,-25.5482544,-49.3388368
quinta,17,CURITIBA,CENTRO,Feminino,23,-25.440786619604,-49.2751836260775
quinta,17,CURITIBA,CENTRO,Feminino,22,-25.440786619604,-49.2751836260775
terça,16,CURITIBA,REBOUCAS,Masculino,50,-25.4399781572031,-49.2545919834923
quarta,6,CURITIBA,PINHEIRINHO,Masculino,24,-25.5117361908801,-49.2943124415691
sexta,9,CURITIBA,PORTAO,Masculino,76,-25.4759830020788,-49.3047484397193
sabado,13,CURITIBA,BOA VISTA,Feminino,17,-25.3972614,-49.2448038
sabado,11,CURITIBA,PAROLIN,Feminino,29,-25.4620473283109,-49.2675081507954
segunda,17,CURITIBA,TATUQUARA,Feminino,30,-25.5852289543364,-49.3382996886388
segunda,17,CURITIBA,TATUQUARA,Feminino,0,-25.5852289543364,-49.3382996886388
segunda,17,CURITIBA,TATUQUARA,Feminino,3,-25.5852289543364,-49.3382996886388
sexta,1,CURITIBA,CIDADE INDUSTRIAL,Masculino,48,-25.470232900332,-49.3420005308753
segunda,9,CURITIBA,PINHEIRINHO,Masculino,34,-25.4418502,-49.2644941
segunda,8,CURITIBA,BOQUEIRAO,Masculino,36,-25.5122160726999,-49.2336198410182
segunda,15,CURITIBA,BAIRRO ALTO,Feminino,68,-25.405646937809,-49.2046249243618
terça,10,CURITIBA,REBOUCAS,Feminino,27,-25.4536679858435,-49.2663224372618
quarta,9,CURITIBA,NOVO MUNDO,Feminino,26,-25.4833793379398,-49.3117985901296
quarta,14,CURITIBA,BOA VISTA,Feminino,23,-25.3857195609277,-49.2471905048568
quarta,12,CURITIBA,GANCHINHO,,,-25.5590842721823,-49.2583443977275
quarta,20,CURITIBA,BATEL,Masculino,43,-25.4350706496068,-49.2815039927535
quinta,11,CURITIBA,NOVO MUNDO,Feminino,15,-25.4883587129341,-49.2781166254802
sexta,13,CURITIBA,CENTRO,Feminino,41,-25.4347863,-49.2686671
sexta,11,CURITIBA,CENTRO,Masculino,88,-25.4347863,-49.2686671
sexta,8,CURITIBA,AGUA VERDE,,,-25.4549255052563,-49.2742010488197
sexta,9,CURITIBA,CRISTO REI,Feminino,29,-25.4355251075797,-49.2497912174359
sexta,7,CURITIBA,PINHEIRINHO,Feminino,45,-25.5322724979149,-49.2974099225003
sexta,13,CURITIBA,BOM RETIRO,Feminino,46,-25.410610345932,-49.2746009766099
sexta,7,CURITIBA,PINHEIRINHO,Masculino,34,-25.5322724979149,-49.2974099225003
sexta,18,CURITIBA,XAXIM,Feminino,43,-25.5034101835597,-49.2375591347384
sabado,21,CURITIBA,SANTA FELICIDADE,Feminino,28,-25.3824207374686,-49.3252306330063
domingo,1,CURITIBA,TATUQUARA,Masculino,27,-25.5648251908967,-49.3091356319039
quarta,0,CURITIBA,TATUQUARA,Masculino,25,-25.5853170289195,-49.3357757472576
segunda,17,CURITIBA,BIGORRILHO,Masculino,34,-25.4309069,-49.2876198
domingo,19,CURITIBA,UMBARA,Masculino,54,-25.5569464522848,-49.2805675889014
domingo,22,CURITIBA,BAIRRO ALTO,Masculino,65,-25.3978405,-49.1989745
terça,9,CURITIBA,CAPAO DA IMBUIA,Masculino,93,-25.444315311405,-49.2229538686598
terça,19,CURITIBA,CAPAO RASO,Feminino,50,-25.5135248,-49.2973292
segunda,7,CURITIBA,UMBARA,Feminino,12,-25.5920119683049,-49.26696183839
segunda,7,CURITIBA,UMBARA,Feminino,16,-25.5920119683049,-49.26696183839
segunda,7,CURITIBA,UMBARA,Feminino,13,-25.5920119683049,-49.26696183839
quarta,21,CURITIBA,SANTA FELICIDADE,Masculino,51,-25.4014835302256,-49.3334321325046
quarta,18,CURITIBA,BOA VISTA,Masculino,76,-25.3892771326828,-49.2590387444652
quinta,8,CURITIBA,AGUA VERDE,Feminino,29,-25.4590064556729,-49.2832091748258
quinta,20,CURITIBA,BARREIRINHA,Feminino,50,-25.3743032644971,-49.2632611713832
domingo,16,CURITIBA,SANTO INACIO,Feminino,4,-25.4329503639051,-49.287070133917
domingo,17,CURITIBA,BOA VISTA,Feminino,23,-25.3922776465957,-49.2407998899256
domingo,17,CURITIBA,BOA VISTA,Masculino,58,-25.3922776465957,-49.2407998899256
domingo,20,CURITIBA,AGUA VERDE,Masculino,19,-25.4618096530574,-49.2901628572915
domingo,20,CURITIBA,AGUA VERDE,Masculino,24,-25.4618096530574,-49.2901628572915
sabado,0,CURITIBA,SANTA CANDIDA,Masculino,38,-25.3661845234896,-49.2233348192485
terça,14,CURITIBA,JUVEVE,Feminino,54,-25.4148241141563,-49.260131994166
sabado,18,CURITIBA,AGUA VERDE,Masculino,5,-25.4564301051782,-49.2885205537747
terça,11,CURITIBA,SANTA FELICIDADE,Masculino,32,-25.3854039601413,-49.324025450944
quarta,19,CURITIBA,CRISTO REI,Feminino,22,-25.4261774942298,-49.2421464043952
quinta,6,CURITIBA,PINHEIRINHO,Masculino,27,-25.4418502,-49.2644941
segunda,18,CURITIBA,SANTA FELICIDADE,Feminino,65,-25.4025992408222,-49.3308242866291
quinta,10,CURITIBA,CIDADE INDUSTRIAL,Masculino,65,-25.5089871281997,-49.3247005414135
quinta,10,CURITIBA,CENTRO,Masculino,78,-25.4348482063254,-49.2688198707733
quinta,18,CURITIBA,CENTRO,Feminino,21,-25.4381908965918,-49.2683895777522
quinta,18,CURITIBA,FAZENDINHA,Masculino,53,-25.4879509994075,-49.3183609705457
quinta,17,CURITIBA,HUGO LANGE,Masculino,15,-25.4171997307825,-49.2503099945125
quinta,16,CURITIBA,CENTRO,Masculino,16,-25.4312805396387,-49.2718347066983
quinta,18,CURITIBA,UMBARA,Feminino,17,-25.5569464522848,-49.2805675889014
quinta,18,CURITIBA,UMBARA,Feminino,16,-25.5569464522848,-49.2805675889014
quinta,19,CURITIBA,PORTAO,Feminino,56,-25.4821918856174,-49.2939484972055
sexta,13,CURITIBA,ALTO DA RUA XV,Masculino,23,-25.4221719114411,-49.2556286498152
sexta,12,CURITIBA,BATEL,Masculino,39,-25.4382338913969,-49.2840579929378
sexta,17,CURITIBA,SANTA FELICIDADE,Feminino,50,-25.3921650059256,-49.3378182101051
sexta,19,CURITIBA,PORTAO,Feminino,49,-25.4815505918888,-49.2925411947438
sexta,21,CURITIBA,CIDADE INDUSTRIAL,Feminino,34,-25.4865644404194,-49.3472424380995
sexta,23,CURITIBA,ORLEANS,Feminino,30,-25.4418502,-49.2644941
quinta,6,CURITIBA,PINHEIRINHO,Masculino,33,-25.4418502,-49.2644941
sabado,13,CURITIBA,SITIO CERCADO,Masculino,52,-25.5414889456123,-49.2617560646579
quarta,18,CURITIBA,CIDADE INDUSTRIAL,Feminino,61,-25.5019133421196,-49.337902023276
domingo,18,CURITIBA,CIDADE INDUSTRIAL,Masculino,56,-25.5343393768891,-49.3165809677978
segunda,11,CURITIBA,GUAIRA,Feminino,25,-25.4673168459236,-49.2805547429928
segunda,16,CURITIBA,BOA VISTA,Feminino,66,-25.3819909924762,-49.2354462809152
segunda,18,CURITIBA,BIGORRILHO,Feminino,74,-25.4255199624602,-49.2801798835242
segunda,15,CURITIBA,PORTAO,Feminino,26,-25.4749888320594,-49.3009588068617
segunda,22,CURITIBA,PORTAO,Feminino,35,-25.4751020133089,-49.2889765953382
segunda,22,CURITIBA,CAMPO COMPRIDO,Masculino,39,-25.5343393768891,-49.3165809677978
sabado,19,CURITIBA,HAUER,Masculino,40,-25.495773,-49.2389952
sabado,19,CURITIBA,HAUER,Masculino,38,-25.495773,-49.2389952
sabado,19,CURITIBA,HAUER,Feminino,50,-25.495773,-49.2389952
terça,17,CURITIBA,CIDADE INDUSTRIAL,Masculino,12,-25.5017239445659,-49.3273690965517
terça,18,CURITIBA,BOQUEIRAO,Masculino,52,-25.4961943608337,-49.246987036445
terça,8,CURITIBA,HAUER,Feminino,65,-25.4914870095928,-49.2570766326063
quarta,14,CURITIBA,CENTRO,Feminino,64,-25.4317279538905,-49.2704211177672
quarta,18,CURITIBA,SANTA CANDIDA,Masculino,17,-25.3642133194013,-49.2135061071536
quarta,14,CURITIBA,BATEL,Masculino,24,-25.4417848848337,-49.2896093118991
quarta,17,CURITIBA,CENTRO,Masculino,29,-25.4366909487604,-49.2733712850882
quinta,19,CURITIBA,CENTRO,Feminino,23,-25.4369927144346,-49.2690058220371
sexta,14,CURITIBA,BATEL,Masculino,30,-25.4411295281984,-49.2899716056488
sexta,14,CURITIBA,AGUA VERDE,Masculino,31,-25.4538541050926,-49.2878573276004
sabado,16,CURITIBA,CENTRO,Masculino,20,-25.433294,-49.2607272
sabado,19,CURITIBA,CENTRO,Masculino,55,-25.435612802682,-49.2707200770938
domingo,4,CURITIBA,PINHEIRINHO,Masculino,21,-25.5391166942093,-49.2946470989476
sexta,7,CURITIBA,HAUER,Masculino,74,-25.5228235260748,-49.2270723888689
sexta,18,CURITIBA,,Masculino,24,-25.4078720083947,-49.2564613880835
segunda,10,CURITIBA,SAO MIGUEL,Feminino,24,-25.507810830175,-49.355131620239
segunda,11,CURITIBA,PINHEIRINHO,Masculino,55,-25.4418502,-49.2644941
segunda,14,CURITIBA,CABRAL,Masculino,22,-25.4043704802626,-49.2505987383439
segunda,13,CURITIBA,CENTRO,Feminino,73,-25.4361503723148,-49.2724363448436
sabado,6,CURITIBA,TATUQUARA,Masculino,24,,
terça,12,CURITIBA,BOQUEIRAO,Masculino,46,-25.5041783483064,-49.2394544736945
terça,12,CURITIBA,BOQUEIRAO,Masculino,16,-25.5041783483064,-49.2394544736945
terça,7,CURITIBA,UBERABA,Feminino,39,-25.4832302442293,-49.2208629500044
terça,18,CURITIBA,BOA VISTA,Feminino,29,-25.3841578412132,-49.2343021360265
terça,17,CURITIBA,JARDIM BOTANICO,Masculino,27,-25.4476148442068,-49.2473145070245
terça,17,CURITIBA,JARDIM BOTANICO,Masculino,20,-25.4476148442068,-49.2473145070245
segunda,7,CURITIBA,CIDADE INDUSTRIAL,Feminino,78,-25.4955831468582,-49.3196514281785
terça,19,CURITIBA,CAJURU,Masculino,31,-25.4646529994695,-49.2140600981893
terça,19,CURITIBA,CAJURU,Masculino,28,-25.4646529994695,-49.2140600981893
terça,21,CURITIBA,BOQUEIRAO,Feminino,-1,-25.5103677571095,-49.2330618918997
terça,6,CURITIBA,BARREIRINHA,Feminino,48,-25.3657468930428,-49.2603479491603
quarta,21,CURITIBA,PORTAO,Masculino,24,-25.4692802442665,-49.2827513035255
quinta,18,CURITIBA,SANTA CANDIDA,Masculino,33,-25.3755733460405,-49.2196585578324
quinta,8,CURITIBA,CENTRO,Feminino,22,-25.4316991365476,-49.2694943513815
quinta,15,CURITIBA,BACACHERI,Feminino,38,-25.4091325592431,-49.2371223574058
quinta,16,CURITIBA,CENTRO,Masculino,37,-25.4363679838585,-49.2636423408017
sexta,13,CURITIBA,HAUER,Masculino,63,-25.4705635039109,-49.2458961223639
sexta,18,CURITIBA,SANTA FELICIDADE,Masculino,76,-25.4029634720791,-49.3302880037871
sabado,1,CURITIBA,SAO BRAZ,Feminino,23,-25.4083829628645,-49.340592297534
sabado,1,CURITIBA,SAO BRAZ,Masculino,26,-25.4083829628645,-49.340592297534
sabado,19,CURITIBA,CIDADE INDUSTRIAL,Masculino,51,-25.4418502,-49.2644941
sabado,20,CURITIBA,UMBARA,Masculino,48,-25.5278423,-49.2978654
quinta,8,CURITIBA,CIDADE INDUSTRIAL,Feminino,57,-25.4418502,-49.2644941
terça,18,CURITIBA,ALTO DA GLORIA,Masculino,55,-25.4235639035399,-49.2677823166201
sabado,5,CURITIBA,CAMPO DE SANTANA,Masculino,22,-25.5907322777761,-49.3323530942698
sabado,3,CURITIBA,,Feminino,23,-25.4273866,-49.2685354
segunda,17,CURITIBA,CIDADE INDUSTRIAL,Masculino,41,-25.4418502,-49.2644941
segunda,17,CURITIBA,CIDADE INDUSTRIAL,Masculino,57,-25.4418502,-49.2644941
sexta,18,CURITIBA,SAO BRAZ,Masculino,61,-25.4188264810203,-49.3553208379914
segunda,13,CURITIBA,SANTA FELICIDADE,Feminino,69,-25.4029072000957,-49.3344909973122
sabado,20,CURITIBA,CENTRO,Feminino,29,-25.4297786272106,-49.2735176105516
sabado,20,CURITIBA,CENTRO,Feminino,29,-25.4297786272106,-49.2735176105516
terça,12,CURITIBA,PINHEIRINHO,Feminino,16,-25.5405443462416,-49.2903843783262
terça,16,CURITIBA,AGUA VERDE,Feminino,34,-25.4883424228877,-49.2941005059879
terça,18,CURITIBA,CENTRO,Feminino,47,-25.4286261126421,-49.2798624253161
terça,17,CURITIBA,TATUQUARA,Feminino,50,-25.5620388637569,-49.3392843421081
terça,21,CURITIBA,UMBARA,Masculino,54,-25.5597376882377,-49.2826219677499
quarta,16,CURITIBA,BATEL,Feminino,22,-25.4425833450453,-49.2798551350495
quarta,9,CURITIBA,BOQUEIRAO,Masculino,50,-25.5099271717887,-49.2336745148114
quarta,15,CURITIBA,SITIO CERCADO,Feminino,28,-25.4418502,-49.2644941
quarta,21,CURITIBA,PINHEIRINHO,Masculino,31,-25.5243994592795,-49.2863482626643
quarta,19,CURITIBA,SITIO CERCADO,Feminino,61,-25.5493550585891,-49.2570973722199
segunda,17,CURITIBA,ALTO BOQUEIRAO,Feminino,47,-25.5346776547676,-49.2698353170828
quinta,12,CURITIBA,CIDADE INDUSTRIAL,Feminino,17,-25.4377912875368,-49.3592102
quinta,14,CURITIBA,FANNY,Feminino,78,-25.4822100223115,-49.269761125528
quinta,15,CURITIBA,XAXIM,Masculino,48,-25.5311316704176,-49.2997261283768
quinta,18,CURITIBA,CENTRO,Feminino,37,-25.4277762104457,-49.2709491474912
segunda,10,CURITIBA,SITIO CERCADO,Masculino,63,-25.5355315855917,-49.2734152026092
quinta,9,CURITIBA,CENTRO,Feminino,60,-25.4304983922572,-49.2674065513368
quinta,17,CURITIBA,UBERABA,Masculino,75,-25.4928894634997,-49.2001104539678
sexta,8,CURITIBA,CENTRO,Masculino,34,-25.4390047126388,-49.2699313562743
sexta,10,CURITIBA,CENTRO,Feminino,67,-25.4361359827094,-49.2625061481524
sexta,7,CURITIBA,TATUQUARA,Feminino,8,-25.5727613487718,-49.3363570104639
sexta,18,CURITIBA,ALTO BOQUEIRAO,Feminino,9,-25.5518075921305,-49.249363557872
sexta,8,CURITIBA,CRISTO REI,Feminino,71,-25.4273292807862,-49.2401332716305
sexta,18,CURITIBA,ALTO BOQUEIRAO,Feminino,67,-25.5518075921305,-49.249363557872
sexta,17,CURITIBA,TATUQUARA,Feminino,68,-25.5513720679759,-49.2926426270588
sexta,23,CURITIBA,CAMPO DE SANTANA,Masculino,15,-25.5932267820038,-49.3385355220198
sabado,8,CURITIBA,GANCHINHO,Masculino,25,-25.5562073341558,-49.250266700253
sabado,11,CURITIBA,UBERABA,Feminino,55,-25.490034348195,-49.2159555145278
sabado,13,CURITIBA,PINHEIRINHO,Feminino,59,-25.5281119652358,-49.2922387978315
sexta,7,CURITIBA,CENTRO,Feminino,24,-25.4380150544309,-49.278566758926
sabado,23,CURITIBA,GANCHINHO,Feminino,52,-25.5578083388042,-49.2513511996627
domingo,11,CURITIBA,ALTO BOQUEIRAO,Masculino,49,-25.5258342063653,-49.2536763863225
segunda,10,CURITIBA,CIDADE INDUSTRIAL,Masculino,22,-25.5051145963153,-49.340494366127
segunda,13,CURITIBA,XAXIM,Feminino,60,-25.4944914609278,-49.2825372445389
segunda,18,CURITIBA,BAIRRO ALTO,Feminino,19,-25.4007542877724,-49.2066428789839
terça,15,CURITIBA,ATUBA,Masculino,60,-25.4418502,-49.2644941
terça,15,CURITIBA,ATUBA,Masculino,25,-25.4418502,-49.2644941
terça,16,CURITIBA,GUAIRA,Feminino,37,-25.4716992067981,-49.2771062920084
quarta,14,CURITIBA,CIDADE INDUSTRIAL,Feminino,45,-25.4948326421221,-49.3379642761703
quinta,12,CURITIBA,JARDIM BOTANICO,Masculino,22,-25.4355498431565,-49.2536193633408
sexta,7,CURITIBA,ALTO BOQUEIRAO,Feminino,55,-25.5303462006618,-49.2463033286822
sabado,4,CURITIBA,BAIRRO ALTO,Feminino,28,-25.4418502,-49.2644941
sabado,4,CURITIBA,BAIRRO ALTO,Masculino,29,-25.4418502,-49.2644941
sabado,20,CURITIBA,CIDADE INDUSTRIAL,Feminino,40,-25.4789905211146,-49.3448572290084
domingo,14,CURITIBA,PILARZINHO,Masculino,68,-25.3884176824156,-49.2874961759387
sexta,7,CURITIBA,PINHEIRINHO,Masculino,49,-25.4418502,-49.2644941
sexta,7,CURITIBA,PINHEIRINHO,Masculino,78,-25.4418502,-49.2644941
domingo,19,CURITIBA,CENTRO,Masculino,31,-25.4294678706687,-49.2715069785849
sabado,21,CURITIBA,CENTRO,Masculino,46,-25.4242327509793,-49.2688819657082
terça,17,CURITIBA,CENTRO,Masculino,48,-25.4418667347524,-49.2686155040461
terça,19,CURITIBA,BOQUEIRAO,Feminino,21,-25.5037625079265,-49.2221746699823
terça,17,CURITIBA,NOVO MUNDO,Masculino,10,-25.4863868823889,-49.2960890631361
quarta,12,CURITIBA,MOSSUNGUE,Feminino,52,-25.4384903185858,-49.32609887874
quarta,14,CURITIBA,PRADO VELHO,Feminino,68,-25.4418502,-49.2644941
quarta,10,CURITIBA,SITIO CERCADO,Masculino,14,-25.5454065463077,-49.2648538521669
quarta,13,CURITIBA,SITIO CERCADO,Feminino,1,-25.5430439637707,-49.2606790233036
quarta,13,CURITIBA,SITIO CERCADO,Masculino,55,-25.5430439637707,-49.2606790233036
quarta,8,CURITIBA,SITIO CERCADO,Feminino,74,-25.5246806939589,-49.2689069175243
quarta,17,CURITIBA,JARDIM SOCIAL,Masculino,20,-25.4048300115353,-49.2452722423991
quarta,17,CURITIBA,SITIO CERCADO,Masculino,10,-25.5475724199697,-49.2869564634109
quinta,14,CURITIBA,PILARZINHO,Masculino,20,-25.3951960314733,-49.2738095478394
quinta,20,CURITIBA,CIDADE INDUSTRIAL,Masculino,45,-25.4418502,-49.2644941
quinta,7,CURITIBA,CENTRO,Masculino,56,,
sabado,17,CURITIBA,BACACHERI,Masculino,52,-25.3959929732088,-49.2317916558128
quarta,7,CURITIBA,CIDADE INDUSTRIAL,Masculino,12,-25.3744926,-49.2271764
domingo,13,CURITIBA,CENTRO,Masculino,76,-25.4253471642444,-49.2696154800219
quinta,20,CURITIBA,SAO LOURENCO,Masculino,49,-25.3913755444466,-49.2673839137916
segunda,9,CURITIBA,CAJURU,Feminino,74,-25.4653875177889,-49.206501066487
segunda,17,CURITIBA,SITIO CERCADO,Feminino,67,-25.5442587960698,-49.2602927926018
segunda,19,CURITIBA,TATUQUARA,Feminino,54,-25.5594366484618,-49.3385624062944
segunda,18,CURITIBA,SANTA FELICIDADE,Masculino,47,-25.4055754440597,-49.335565100652
terça,9,CURITIBA,CENTRO,Masculino,75,-25.4294678706687,-49.2715069785849
terça,12,CURITIBA,SANTA FELICIDADE,Masculino,86,-25.3922993956467,-49.3349222212922
terça,18,CURITIBA,CAMPO DE SANTANA,Feminino,70,-25.5691562652705,-49.3147414147253
quarta,7,CURITIBA,BOM RETIRO,Feminino,55,-25.3963102431815,-49.2876448760358
quarta,10,CURITIBA,MERCES,Feminino,74,-25.4225056924419,-49.2890881093712
domingo,18,CURITIBA,UBERABA,Feminino,32,-25.4885088568633,-49.2302027017912
domingo,18,CURITIBA,UBERABA,Feminino,8,-25.4819186845347,-49.231057010233
quarta,8,CURITIBA,AGUA VERDE,Feminino,24,-25.4494154267985,-49.2833853344531
quarta,17,CURITIBA,FANNY,Masculino,31,-25.4418502,-49.2644941
quarta,22,CURITIBA,BAIRRO ALTO,Masculino,24,-25.4262612004429,-49.2009859693174
segunda,20,CURITIBA,BOQUEIRAO,Masculino,23,-25.496872299346,-49.2586594603821
segunda,20,CURITIBA,BOQUEIRAO,Feminino,30,-25.496872299346,-49.2586594603821
segunda,7,CURITIBA,BOQUEIRAO,Masculino,46,-25.5134575950131,-49.2188753376068
segunda,7,CURITIBA,BOQUEIRAO,Masculino,24,-25.5134575950131,-49.2188753376068
quinta,10,CURITIBA,ALTO DA RUA XV,Feminino,71,-25.4341326046389,-49.2577091480132
segunda,17,CURITIBA,CAMPO COMPRIDO,Masculino,14,-25.4345343350739,-49.3551470712619
quinta,17,CURITIBA,REBOUCAS,Masculino,39,-25.4435416849963,-49.2725856982758
quinta,15,CURITIBA,CENTRO,Feminino,77,-25.4348026143257,-49.2750369311916
sexta,17,CURITIBA,AGUA VERDE,Feminino,12,-25.4466848307613,-49.2874317058188
sexta,15,CURITIBA,CENTRO,Masculino,65,-25.4286136,-49.2674689
sabado,12,CURITIBA,SAO BRAZ,Feminino,74,-25.4234210033691,-49.3508118479904
domingo,18,CURITIBA,FAZENDINHA,Masculino,42,-25.4760474187331,-49.3387200499663
domingo,11,CURITIBA,CIDADE INDUSTRIAL,Masculino,11,-25.4385110246311,-49.3541974287595
segunda,12,CURITIBA,MERCES,Masculino,44,-25.4261255423883,-49.2857611987165
quarta,16,CURITIBA,TATUQUARA,Masculino,78,-25.5620210405282,-49.3105823082188
domingo,18,CURITIBA,SANTA FELICIDADE,Feminino,17,-25.4016645947875,-49.3321009723109
quarta,12,CURITIBA,BOQUEIRAO,Feminino,32,-25.5105167381215,-49.2329890000986
quarta,12,CURITIBA,BOQUEIRAO,Feminino,40,-25.5105167381215,-49.2329890000986
quarta,18,CURITIBA,BUTIATUVINHA,Masculino,10,-25.3918633938173,-49.3518205698074
terça,7,CURITIBA,TATUQUARA,Masculino,77,,
quinta,19,CURITIBA,CIDADE INDUSTRIAL,Masculino,45,-25.4815041092741,-49.3529644860833
sexta,12,CURITIBA,ATUBA,Masculino,83,-25.3847706626425,-49.2154092779146
sexta,16,CURITIBA,BACACHERI,Feminino,25,-25.4034534686548,-49.2417069800969
sexta,15,CURITIBA,BARREIRINHA,Masculino,29,-25.357628844152,-49.2637029871323
sexta,19,CURITIBA,CABRAL,Masculino,61,-25.3932746182466,-49.238936638556
domingo,14,CURITIBA,CENTRO,Masculino,63,-25.4312579052199,-49.2661720864733
sabado,3,CURITIBA,CENTRO,Feminino,22,-25.4294407288139,-49.2736830802269
sexta,16,CURITIBA,CENTRO,Masculino,55,-25.4338694347828,-49.2610732489207
sabado,10,CURITIBA,CENTRO,Feminino,25,-25.4336563186982,-49.2737859373269
sabado,15,CURITIBA,PAROLIN,Masculino,8,-25.463649327607,-49.2656547467012
domingo,12,CURITIBA,SANTA CANDIDA,Feminino,54,-25.2976106,-49.2238439
domingo,20,CURITIBA,UBERABA,Masculino,18,-25.3899814,-49.251122
sexta,13,CURITIBA,CIDADE INDUSTRIAL,Feminino,53,-25.5295396320668,-49.335719135753
segunda,20,CURITIBA,JARDIM BOTANICO,Masculino,35,-25.4418502,-49.2644941
segunda,20,CURITIBA,JARDIM BOTANICO,,,-25.4418502,-49.2644941
segunda,18,CURITIBA,CENTRO,Masculino,51,-25.440786619604,-49.2751836260775
terça,0,CURITIBA,BARREIRINHA,Masculino,23,-25.3744993273436,-49.2632027951332
terça,8,CURITIBA,ALTO DA RUA XV,Feminino,32,-25.425642058636,-49.2549865283774
terça,16,CURITIBA,SAO MIGUEL,Masculino,41,-25.4916437786974,-49.3605235523517
sexta,7,CURITIBA,REBOUCAS,Feminino,19,-25.4397075493456,-49.2676267284129
quinta,15,CURITIBA,CENTRO,Masculino,70,-25.4274598444191,-49.2685491433854
quarta,18,CURITIBA,MOSSUNGUE,Feminino,25,-25.4418502,-49.2644941
quinta,20,CURITIBA,BACACHERI,Masculino,46,-25.4107900267045,-49.2358401115789
quinta,22,CURITIBA,CABRAL,Masculino,22,-25.399238035518,-49.2459560399934
sexta,17,CURITIBA,CAPAO DA IMBUIA,Feminino,29,-25.4355498431565,-49.2536193633408
sexta,16,CURITIBA,JARDIM BOTANICO,Masculino,52,-25.4355498431565,-49.2536193633408
sexta,16,CURITIBA,JARDIM BOTANICO,Masculino,21,-25.4355498431565,-49.2536193633408
sexta,18,CURITIBA,SANTA QUITERIA,Masculino,19,-25.4618072536747,-49.3161260519503
sexta,21,CURITIBA,,Masculino,34,-25.4099909484189,-49.2660786585206
sabado,19,CURITIBA,BARREIRINHA,Feminino,71,-25.3646792028682,-49.2615450061959
quinta,14,CURITIBA,UBERABA,Masculino,17,-25.4961363,-49.2332682
quinta,14,CURITIBA,UBERABA,Masculino,21,-25.4961363,-49.2332682
domingo,18,CURITIBA,TATUQUARA,Masculino,50,-25.5792518317584,-49.3342613467601
sabado,19,CURITIBA,BARREIRINHA,Masculino,20,-25.3646792028682,-49.2615450061959
quarta,8,CURITIBA,CAPAO DA IMBUIA,Masculino,20,-25.4377739,-49.2074794
segunda,6,CURITIBA,CAMPO DE SANTANA,Feminino,21,-25.5842414648593,-49.3293800945472
quarta,18,CURITIBA,,Feminino,65,-25.3844957925989,-49.2292568830344
quinta,11,CURITIBA,CIDADE INDUSTRIAL,Masculino,54,-25.538067,-49.3281244
quinta,11,CURITIBA,CENTRO,Feminino,33,-25.4337664868621,-49.2661929273879
sexta,13,CURITIBA,MOSSUNGUE,Masculino,20,-25.4345697,-49.3350995
sexta,15,CURITIBA,NOVO MUNDO,Feminino,47,-25.4821923805029,-49.2939913682588
sabado,6,CURITIBA,XAXIM,Feminino,62,-25.5116091604947,-49.2603875992947
sabado,8,CURITIBA,HUGO LANGE,Masculino,39,-25.4183737655014,-49.2514997656744
domingo,11,CURITIBA,CABRAL,Masculino,63,-25.4019209374792,-49.2468610926421
domingo,16,CURITIBA,ABRANCHES,Feminino,78,-25.3664385492485,-49.2725899203577
sabado,4,CURITIBA,CAXIMBA,Masculino,37,-25.5596294843023,-49.3139890497209
sabado,15,CURITIBA,SITIO CERCADO,Masculino,0,-25.5437694769571,-49.2914766898597
terça,9,CURITIBA,CENTRO,Feminino,84,-25.4294678706687,-49.2715069785849
terça,18,CURITIBA,VISTA ALEGRE,Masculino,34,-25.4103834298101,-49.2919266958375
quarta,23,CURITIBA,SANTA CANDIDA,Feminino,24,-25.3717578627598,-49.2108250851882
quarta,15,CURITIBA,CENTRO,Masculino,46,-25.435612802682,-49.2707200770938
segunda,9,CURITIBA,PAROLIN,Masculino,37,-25.4394883,-49.2558236
sexta,18,CURITIBA,GUAIRA,Masculino,26,-25.4715284334793,-49.2665912403849
sexta,18,CURITIBA,GUAIRA,Masculino,65,-25.4715284334793,-49.2665912403849
sexta,18,CURITIBA,SANTA QUITERIA,Feminino,20,-25.4600596577509,-49.3028357732255
sexta,10,CURITIBA,BAIRRO ALTO,Masculino,27,-25.410094610244,-49.2039511554026
terça,16,CURITIBA,BOQUEIRAO,Masculino,29,-25.513206745209,-49.2331146523903
sexta,19,CURITIBA,CAPAO RASO,Feminino,45,-25.5162881126538,-49.2989353859595
sabado,18,CURITIBA,SANTA FELICIDADE,Masculino,41,-25.3986757562345,-49.3342713020373
sabado,15,CURITIBA,BARREIRINHA,Masculino,8,-25.3910693663515,-49.2402266863088
sexta,2,CURITIBA,CIDADE INDUSTRIAL,Feminino,19,,
segunda,13,CURITIBA,CABRAL,Masculino,42,-25.4071710366209,-49.2566760758399
segunda,17,CURITIBA,BOA VISTA,Masculino,73,-25.3916273643943,-49.2438805173709
segunda,16,CURITIBA,SAO BRAZ,Feminino,64,-25.4481721900189,-49.2083581185247
segunda,19,CURITIBA,BOQUEIRAO,,,-25.5112136511084,-49.2326480221301
sabado,19,CURITIBA,UBERABA,Masculino,64,-25.5010289712793,-49.2160195133143
terça,13,CURITIBA,GUABIROTUBA,Masculino,9,-25.4766868393151,-49.2406160946185
quarta,17,CURITIBA,CIDADE INDUSTRIAL,Masculino,34,-25.5063831,-49.3378678869403
quarta,17,CURITIBA,CIDADE INDUSTRIAL,Feminino,67,-25.5063831,-49.3378678869403
quinta,16,CURITIBA,PINHEIRINHO,Feminino,65,-25.5380330059247,-49.294864346259
quinta,19,CURITIBA,FAZENDINHA,Masculino,88,-25.4870297739689,-49.3360618782632
quinta,20,CURITIBA,CAJURU,Masculino,59,-25.4538095902219,-49.2092012354517
segunda,7,CURITIBA,BATEL,Feminino,44,-25.4467147627708,-49.2904221973997
segunda,7,CURITIBA,BATEL,Masculino,0,-25.4467147627708,-49.2904221973997
sexta,14,CURITIBA,CAXIMBA,Feminino,54,-25.6184616800262,-49.3491021270736
sexta,11,CURITIBA,CENTRO,Feminino,52,-25.4342185160057,-49.2672939026001
sabado,14,CURITIBA,CIDADE INDUSTRIAL,Feminino,65,-25.4979909075126,-49.3456720009711
sabado,11,CURITIBA,CENTRO,Masculino,42,-25.4322195582226,-49.2692532064424
sexta,11,CURITIBA,CAMPO DE SANTANA,Feminino,43,-25.5839405073639,-49.3203830615711
sexta,20,CURITIBA,PINHEIRINHO,Masculino,30,-25.520220220358,-49.3069713706883
sabado,19,CURITIBA,HAUER,Masculino,37,-25.5228235260748,-49.2270723888689
segunda,6,CURITIBA,AHU,Masculino,15,-25.4194710561421,-49.244154894896
sexta,12,CURITIBA,CIDADE INDUSTRIAL,Masculino,8,-25.4951488926298,-49.339025137786
segunda,11,CURITIBA,XAXIM,Feminino,40,-25.5080569603709,-49.2803179701477
sexta,12,CURITIBA,CIDADE INDUSTRIAL,Masculino,6,-25.4951488926298,-49.339025137786
terça,9,CURITIBA,CIDADE INDUSTRIAL,Masculino,49,-25.4763350162947,-49.3505722846407
terça,12,CURITIBA,CIDADE INDUSTRIAL,Masculino,44,-25.5430845438373,-49.322548928528
terça,11,CURITIBA,CENTRO,Feminino,62,-25.433308126784,-49.2718339051249
terça,9,CURITIBA,CIDADE INDUSTRIAL,Masculino,62,-25.4763350162947,-49.3505722846407
terça,15,CURITIBA,CAMPO DE SANTANA,Feminino,38,-25.5895513984896,-49.3302188202273
terça,20,CURITIBA,BOQUEIRAO,,,-25.4721121181528,-49.249269275008
terça,17,CURITIBA,CENTRO,Masculino,14,-25.4344487066592,-49.269018718088
quinta,7,CURITIBA,CIDADE INDUSTRIAL,Feminino,30,-25.4951323285935,-49.3251071386663
quarta,9,CURITIBA,PORTAO,Masculino,76,-25.4799605491037,-49.2984149193756
quarta,7,CURITIBA,ALTO BOQUEIRAO,Masculino,18,-25.5327024293663,-49.2621523815662
quarta,7,CURITIBA,ALTO BOQUEIRAO,Feminino,35,-25.5327024293663,-49.2621523815662
quarta,16,CURITIBA,CENTRO,Feminino,28,-25.434471787875,-49.2720415887082
quarta,18,CURITIBA,FAZENDINHA,Feminino,20,-25.4746425606856,-49.3256416467855
quarta,18,CURITIBA,FAZENDINHA,Masculino,51,-25.4746425606856,-49.3256416467855
quinta,6,CURITIBA,AGUA VERDE,Feminino,63,-25.4504115926463,-49.2817866027419
quinta,9,CURITIBA,HAUER,Feminino,21,-25.4850993927766,-49.2450841833629
quinta,18,CURITIBA,XAXIM,Masculino,48,-25.4418502,-49.2644941
quinta,19,CURITIBA,CIDADE INDUSTRIAL,Feminino,16,-25.551754591168,-49.2539302382593
quinta,18,CURITIBA,CIDADE INDUSTRIAL,Masculino,45,-25.5117170577232,-49.3326667312768
sexta,7,CURITIBA,BOQUEIRAO,Feminino,54,-25.4906754942498,-49.2285538426462
sexta,17,CURITIBA,PORTAO,Masculino,1,-25.4837529906306,-49.3095963610419
sabado,17,CURITIBA,BOQUEIRAO,Masculino,10,-25.550775857432,-49.2483222541725
sabado,18,CURITIBA,SITIO CERCADO,Feminino,61,-25.5373371891983,-49.2761538964159
quinta,8,CURITIBA,JUVEVE,Feminino,46,-25.4173858575849,-49.2582908969912
quinta,19,CURITIBA,AGUA VERDE,Masculino,39,-25.4463112524394,-49.2742401436377
domingo,21,CURITIBA,ATUBA,Masculino,60,-25.3881292154405,-49.2084510348935
domingo,16,CURITIBA,TATUQUARA,Masculino,8,-25.5923464428193,-49.3294234809465
segunda,7,CURITIBA,TATUQUARA,Masculino,41,,
sexta,13,CURITIBA,AGUA VERDE,Masculino,34,-25.449285805394,-49.2747814503248
segunda,9,CURITIBA,CENTRO CIVICO,Feminino,51,-25.4276846595245,-49.2720137627825
segunda,15,CURITIBA,PAROLIN,Feminino,58,-25.4621578385727,-49.2686697417276
sabado,9,CURITIBA,TATUQUARA,Masculino,12,-25.5824348634652,-49.3372050460172
terça,11,CURITIBA,CENTRO,Feminino,67,-25.4336563186982,-49.2737859373269
terça,7,CURITIBA,SAO JOAO,Feminino,15,-25.3871507541216,-49.2160896437608
terça,9,CURITIBA,SANTA CANDIDA,Masculino,30,-25.3839670712774,-49.2317741688912
segunda,19,CURITIBA,BACACHERI,Masculino,44,-25.3941100476619,-49.2289091837119
terça,15,CURITIBA,REBOUCAS,Masculino,54,-25.4586519185984,-49.2711352692056
domingo,18,CURITIBA,CENTRO,Masculino,30,-25.4418260828643,-49.2524825988521
quarta,16,CURITIBA,UMBARA,Masculino,43,-25.5529534396198,-49.2766856092326
quarta,16,CURITIBA,UMBARA,Feminino,48,-25.5529534396198,-49.2766856092326
terça,18,CURITIBA,SAO LOURENCO,Feminino,59,-25.4013156078857,-49.2713672103441
quarta,23,CURITIBA,BOA VISTA,Masculino,41,-25.3851090066016,-49.255364761415
quinta,9,CURITIBA,BIGORRILHO,Feminino,65,-25.4350231107051,-49.3045337423664
quinta,20,CURITIBA,HAUER,Masculino,37,-25.494541569873,-49.2538199048305
sexta,0,CURITIBA,SANTA FELICIDADE,Feminino,37,-25.4025992408222,-49.3308242866291
sexta,14,CURITIBA,PORTAO,Feminino,44,-25.4757405223441,-49.2969668734021
sexta,18,CURITIBA,UBERABA,Feminino,74,-25.4862541254339,-49.2035770952387
sexta,19,CURITIBA,BOQUEIRAO,Masculino,45,-25.5012075484264,-49.232226368854
quinta,6,CURITIBA,TATUQUARA,Masculino,49,-25.5573942384928,-49.3318002859998
quinta,6,CURITIBA,PINHEIRINHO,Feminino,20,-25.530551444713,-49.288609846314
sabado,14,CURITIBA,CAPAO RASO,Masculino,20,-25.4976912063916,-49.3050343707796
sabado,11,CURITIBA,BACACHERI,Masculino,18,-25.4074622370875,-49.2405134171815
sabado,23,CURITIBA,PINHEIRINHO,Masculino,59,-25.4418502,-49.2644941
segunda,14,CURITIBA,PORTAO,Feminino,28,-25.4770997012913,-49.3083045593604
domingo,3,CURITIBA,AGUA VERDE,Masculino,20,-25.4450362063647,-49.2817863332473
domingo,17,CURITIBA,MOSSUNGUE,Masculino,19,-25.441078,-49.3084858
domingo,17,CURITIBA,MOSSUNGUE,Feminino,19,-25.441078,-49.3084858
domingo,11,CURITIBA,BAIRRO ALTO,Masculino,53,-25.4073594288996,-49.2009233151374
segunda,7,CURITIBA,BIGORRILHO,Feminino,14,-25.4284026081489,-49.3007043141417
domingo,2,CURITIBA,PINHEIRINHO,Masculino,56,-25.5182852797888,-49.2758857428191
segunda,21,CURITIBA,PAROLIN,Masculino,51,-25.4592167561483,-49.2717695954905
segunda,17,CURITIBA,BOQUEIRAO,Feminino,70,-25.5007762841932,-49.2365762809543
terça,12,CURITIBA,BOQUEIRAO,Masculino,11,-25.5053157800921,-49.252956483591
terça,8,CURITIBA,CIDADE INDUSTRIAL,Feminino,57,-25.5009272552289,-49.3220611312009
terça,18,CURITIBA,PILARZINHO,Masculino,75,-25.3884236204291,-49.2947978911486
terça,11,CURITIBA,CENTRO,Masculino,74,-25.4275766568586,-49.2673490108428
quinta,19,CURITIBA,ABRANCHES,Feminino,35,-25.3804496486891,-49.2730594292757
quinta,8,CURITIBA,CENTRO,Feminino,32,-25.4378840105842,-49.2766017964165
sexta,8,CURITIBA,XAXIM,Masculino,61,-25.5060793698453,-49.2525270169741
sexta,8,CURITIBA,SANTA CANDIDA,Feminino,65,-25.4418502,-49.2644941
sexta,14,CURITIBA,BOQUEIRAO,Masculino,23,-25.5228235260748,-49.2270723888689
sexta,15,CURITIBA,BOA VISTA,Feminino,61,-25.3882040404418,-49.2433934306741
sexta,17,CURITIBA,TATUQUARA,Masculino,37,-25.5724704455566,-49.3322075125035
sexta,17,CURITIBA,TATUQUARA,Feminino,9,-25.5724704455566,-49.3322075125035
sabado,21,CURITIBA,ALTO BOQUEIRAO,Masculino,38,-25.5305182101156,-49.2530455442157
domingo,4,CURITIBA,SITIO CERCADO,Masculino,47,-25.5576503181714,-49.2605238501935
quinta,18,CURITIBA,TATUQUARA,Masculino,60,-25.5823865242616,-49.337354589587
domingo,20,CURITIBA,UMBARA,Masculino,61,-25.5495127126544,-49.2897288776634
sabado,19,CURITIBA,BIGORRILHO,Masculino,41,-25.4319042296899,-49.2918261543606
sexta,12,CURITIBA,SANTA QUITERIA,Feminino,29,-25.4581619241728,-49.3024387786506
sexta,17,CURITIBA,PORTAO,Feminino,73,-25.4658264,-49.2851917
sexta,22,CURITIBA,CENTRO,Feminino,23,-25.4002483,-49.3832249
segunda,16,CURITIBA,REBOUCAS,Feminino,29,-25.4412501414783,-49.2669496681833
segunda,17,CURITIBA,CENTRO,Masculino,46,-25.4335445195418,-49.2696231823106
segunda,16,CURITIBA,ALTO DA RUA XV,Feminino,38,-25.4277312381237,-49.2494865044648
quinta,16,CURITIBA,GUABIROTUBA,Masculino,31,-25.4566238759263,-49.2407682689559
terça,9,CURITIBA,JARDIM DAS AMERICAS,Masculino,39,-25.4664940162463,-49.2200818297667
terça,11,CURITIBA,FAZENDINHA,Feminino,46,-25.4757195668427,-49.3188530348081
quarta,20,CURITIBA,CAJURU,Masculino,46,-25.4395078050277,-49.2383996745155
quinta,13,CURITIBA,MERCES,Masculino,52,-25.4222940977873,-49.2849269333121
quinta,15,CURITIBA,HUGO LANGE,Masculino,47,-25.4138895921797,-49.244746118368
quinta,17,CURITIBA,CENTRO,Masculino,51,-25.4286136,-49.2674689
sexta,7,CURITIBA,CENTRO,Masculino,62,-25.4414773590224,-49.2764052450324
sexta,17,CURITIBA,CAMPO DE SANTANA,Masculino,11,-25.5932682766321,-49.3317736628324
sexta,18,CURITIBA,SITIO CERCADO,Feminino,68,-25.541415097916,-49.2654053743783
sexta,12,CURITIBA,UBERABA,Feminino,19,-25.4909701351669,-49.2035672374043
sexta,10,CURITIBA,BATEL,Feminino,61,-25.4401876,-49.2735712
sexta,21,CURITIBA,SITIO CERCADO,Masculino,28,-25.5371338210358,-49.2560409765306
quarta,18,CURITIBA,BATEL,Feminino,74,-25.4467147627708,-49.2904221973997
quinta,6,CURITIBA,CENTRO,Feminino,23,-25.4310400156881,-49.2770123867841
sabado,16,CURITIBA,CIDADE INDUSTRIAL,,,-25.4418502,-49.2644941
sabado,18,CURITIBA,FANNY,,,-25.4418502,-49.2644941
sabado,11,CURITIBA,HAUER,Masculino,17,-25.5228235260748,-49.2270723888689
quinta,20,CURITIBA,CENTRO,Masculino,57,-25.4361359827094,-49.2625061481524
segunda,20,CURITIBA,ORLEANS,Masculino,55,-25.4418502,-49.2644941
terça,13,CURITIBA,CIDADE INDUSTRIAL,Masculino,17,-25.5150706573932,-49.3207089461715
terça,15,CURITIBA,CASCATINHA,Masculino,43,-25.416992183643,-49.319305908393
terça,8,CURITIBA,CENTRO,Masculino,34,-25.4046409441395,-49.3749613911468
terça,13,CURITIBA,BOQUEIRAO,Masculino,20,-25.4989043,-49.231942
sabado,18,CURITIBA,SITIO CERCADO,Feminino,59,-25.5501939435023,-49.2629927481855
terça,15,CURITIBA,MERCES,Feminino,73,-25.4224654435011,-49.2840486717769
terça,22,CURITIBA,BAIRRO ALTO,Masculino,16,-25.4237804374282,-49.2160495356886
quarta,18,CURITIBA,NOVO MUNDO,Feminino,25,-25.4850251859858,-49.293985785164
quarta,18,CURITIBA,SANTA CANDIDA,Feminino,31,-25.4418502,-49.2644941
segunda,16,CURITIBA,CENTRO,Masculino,55,-25.4316465838428,-49.2671880810597
quinta,12,CURITIBA,CIDADE INDUSTRIAL,Feminino,51,-25.4799283446129,-49.3450454438671
quinta,16,CURITIBA,NOVO MUNDO,Masculino,9,-25.4904440441135,-49.3102422218828
sexta,8,CURITIBA,TATUQUARA,Feminino,31,,
sexta,16,CURITIBA,SITIO CERCADO,Feminino,70,-25.5440083116318,-49.2806582396982
sabado,12,CURITIBA,BOA VISTA,Masculino,7,-25.388433521433,-49.2436114371018
sabado,19,CURITIBA,SANTA CANDIDA,Masculino,50,-25.3819698778688,-49.2312436592106
sabado,19,CURITIBA,SANTA CANDIDA,Masculino,26,-25.3819698778688,-49.2312436592106
segunda,6,CURITIBA,CENTRO,Feminino,20,-25.4002483,-49.3832249
segunda,12,CURITIBA,CASCATINHA,Masculino,35,-25.4065591247825,-49.3113436231399
segunda,8,CURITIBA,HAUER,Masculino,65,-25.5311316704176,-49.2997261283768
segunda,13,CURITIBA,PRADO VELHO,Masculino,15,-25.4533738017802,-49.252521074859
segunda,7,CURITIBA,CIDADE INDUSTRIAL,Feminino,55,-25.50910400702,-49.3303456192348
segunda,19,CURITIBA,AGUA VERDE,Feminino,60,-25.4443559761513,-49.2751286496595
segunda,23,CURITIBA,CAMPO COMPRIDO,Masculino,36,-25.5343393768891,-49.3165809677978
segunda,15,CURITIBA,PILARZINHO,Feminino,34,-25.404458891865,-49.2902473547471
terça,7,CURITIBA,CENTRO,Masculino,37,-25.4392645079261,-49.2678256313673
terça,9,CURITIBA,JARDIM BOTANICO,Masculino,20,-25.4439744279421,-49.2437876935206
terça,11,CURITIBA,CENTRO,Feminino,50,-25.4310889176505,-49.2728862745699
terça,13,CURITIBA,CENTRO,Feminino,16,-25.4388358981792,-49.2651643563876
terça,13,CURITIBA,CENTRO,Feminino,89,-25.4336206235425,-49.272412323426
terça,12,CURITIBA,ORLEANS,Feminino,60,-25.426839871233,-49.3532559107704
terça,8,CURITIBA,CENTRO,Feminino,79,-25.4338949080925,-49.2705368207758
terça,19,CURITIBA,CENTRO,Feminino,23,-25.4333295453781,-49.2651285136078
terça,19,CURITIBA,CENTRO,Feminino,1,-25.4333295453781,-49.2651285136078
quarta,9,CURITIBA,FAZENDINHA,Feminino,63,-25.4772767745077,-49.3343809287575
quarta,9,CURITIBA,TATUQUARA,Masculino,24,-25.4418502,-49.2644941
quarta,13,CURITIBA,ATUBA,Feminino,55,-25.4418502,-49.2644941
quarta,18,CURITIBA,,Feminino,81,-25.4354337932379,-49.271609514747
quarta,22,CURITIBA,CENTRO CIVICO,Masculino,29,-25.419506197558,-49.2711019785804
quinta,10,CURITIBA,ALTO DA RUA XV,Feminino,61,-25.423809,-49.2547823
quinta,21,CURITIBA,CIDADE INDUSTRIAL,Feminino,11,-25.4904538979904,-49.3496618304727
sexta,17,CURITIBA,CENTRO,Feminino,60,-25.4401876,-49.2735712
sexta,20,CURITIBA,CAJURU,Masculino,20,-25.4522537532413,-49.2131773988661
sabado,22,CURITIBA,SITIO CERCADO,Masculino,49,-25.5444929,-49.2657766
domingo,10,CURITIBA,CAMPO DE SANTANA,Feminino,31,-25.5913029,-49.3318724
segunda,12,CURITIBA,BACACHERI,Masculino,32,-25.4049448269892,-49.2405331967127
segunda,15,CURITIBA,HAUER,Feminino,41,-25.4890675103113,-49.2448968365321
segunda,20,CURITIBA,JARDIM BOTANICO,Masculino,62,-25.4438879,-49.2369667
terça,8,CURITIBA,CENTRO,Masculino,29,-25.3840709,-49.1988999
terça,16,CURITIBA,CENTRO,Feminino,64,-25.4333295453781,-49.2651285136078
terça,18,CURITIBA,CENTRO,Feminino,12,-25.4350706496068,-49.2815039927535
quarta,19,CURITIBA,CABRAL,Feminino,74,-25.4063778,-49.2510277
quarta,22,CURITIBA,BATEL,Masculino,58,-25.4424878,-49.2879244
quinta,15,CURITIBA,SITIO CERCADO,Masculino,14,-25.5444929,-49.2657766
quinta,18,CURITIBA,FAZENDINHA,Masculino,42,-25.4856234,-49.3287935
quinta,0,CURITIBA,PORTAO,Feminino,27,-25.4643075,-49.2772757
quinta,0,CURITIBA,PORTAO,Masculino,19,-25.4643075,-49.2772757
sexta,7,CURITIBA,PINHEIRINHO,Masculino,46,-25.5032807,-49.2944868
sexta,20,CURITIBA,LINDOIA,Masculino,14,-25.4798861,-49.2784106
sexta,22,CURITIBA,SITIO CERCADO,Masculino,24,-25.5353990280597,-49.2498010106012
sabado,15,CURITIBA,TATUQUARA,Feminino,6,-25.5639958421534,-49.3154373773714
quinta,12,CURITIBA,PINHEIRINHO,Feminino,11,-25.5135248,-49.2973292
sabado,16,CURITIBA,SITIO CERCADO,Masculino,64,-25.5361483,-49.2726933
domingo,3,CURITIBA,JARDIM SOCIAL,Masculino,34,-25.4356711,-49.234039
domingo,15,CURITIBA,,Masculino,13,-25.4875978,-49.2008131
segunda,10,CURITIBA,CENTRO,Feminino,54,-25.4422947,-49.2606801
domingo,21,CURITIBA,SANTA CANDIDA,Masculino,18,-25.4418502,-49.2644941
domingo,15,CURITIBA,,Masculino,17,-25.4875978,-49.2008131
segunda,9,CURITIBA,CAPANEMA,Feminino,46,-25.4417213,-49.2325424
segunda,15,CURITIBA,CENTRO,Feminino,61,-25.4354337932379,-49.271609514747
segunda,20,CURITIBA,SANTA FELICIDADE,Masculino,65,-25.4100762,-49.3448039
terça,17,CURITIBA,PORTAO,Feminino,5,-25.4715539,-49.3169779
terça,20,CURITIBA,PORTAO,Feminino,20,-25.4780069,-49.3015046
terça,17,CURITIBA,BOA VISTA,Feminino,23,-25.3923531,-49.2396049
terça,17,CURITIBA,BARREIRINHA,Masculino,12,-25.3685973,-49.2655146
quarta,13,CURITIBA,CAMPO COMPRIDO,Feminino,10,-25.4385359903119,-49.3550877824531
quinta,16,CURITIBA,GANCHINHO,Masculino,8,-25.5560565,-49.2472343
quinta,18,CURITIBA,BAIRRO ALTO,Feminino,10,-25.4007332,-49.2040666
quinta,11,CURITIBA,SITIO CERCADO,Masculino,44,-25.5361483,-49.2726933
quinta,16,CURITIBA,HAUER,Masculino,20,-25.5311316704176,-49.2997261283768
quinta,18,CURITIBA,CAMPINA DO SIQUEIRA,Feminino,55,-25.4386777104601,-49.307395505367
sexta,20,CURITIBA,REBOUCAS,Masculino,23,-25.4367416381933,-49.2771787843235
sexta,20,CURITIBA,REBOUCAS,Masculino,27,-25.4367416381933,-49.2771787843235
sexta,18,CURITIBA,PRADO VELHO,Masculino,9,-25.450221,-49.247327
sabado,11,CURITIBA,BIGORRILHO,Masculino,74,-25.43094,-49.2942995
sabado,20,CURITIBA,SAO FRANCISCO,Feminino,18,-25.4274053596058,-49.2736817316062
sabado,23,CURITIBA,SAO BRAZ,Masculino,34,-25.4259918,-49.3386383
quinta,19,CURITIBA,JUVEVE,Feminino,23,-25.4170897,-49.2513792
domingo,20,CURITIBA,BOQUEIRAO,Feminino,41,-25.495773,-49.2389952
quinta,21,CURITIBA,HAUER,Masculino,31,-25.4915675841799,-49.2410490825854
sexta,7,CURITIBA,NOVO MUNDO,Feminino,53,-25.4916571034289,-49.314288278542
segunda,21,CURITIBA,CENTRO,Feminino,68,-25.4316465838428,-49.2671880810597
terça,15,CURITIBA,CIDADE INDUSTRIAL,Masculino,75,-25.4812925,-49.3437111
terça,12,CURITIBA,SITIO CERCADO,Feminino,14,-25.5508845091235,-49.2635699365898
terça,15,CURITIBA,BOQUEIRAO,Feminino,68,-25.510345218642,-49.2220997504876
quarta,17,CURITIBA,PINHEIRINHO,Feminino,27,-25.4050539,-49.2797595
quarta,17,CURITIBA,PINHEIRINHO,Feminino,2,-25.4050539,-49.2797595
quarta,19,CURITIBA,XAXIM,Masculino,13,-25.5165102,-49.256236
quarta,19,CURITIBA,XAXIM,Masculino,28,-25.5165102,-49.256236
quinta,9,CURITIBA,FAZENDINHA,Feminino,84,-25.477557757207,-49.312419917285
terça,6,CURITIBA,PINHEIRINHO,Masculino,40,-25.4418502,-49.2644941
terça,6,CURITIBA,PINHEIRINHO,Masculino,63,-25.4418502,-49.2644941
segunda,18,CURITIBA,SITIO CERCADO,Feminino,22,-25.5442083,-49.2549411
segunda,18,CURITIBA,SITIO CERCADO,Masculino,12,-25.5442083,-49.2549411
quinta,13,CURITIBA,CENTRO,Feminino,26,-25.437949,-49.2765643
quinta,12,CURITIBA,BAIRRO ALTO,Masculino,16,-25.4136342,-49.21745
quinta,18,CURITIBA,CIDADE INDUSTRIAL,Feminino,61,-25.50342,-49.3145801
terça,18,CURITIBA,REBOUCAS,Masculino,29,-25.4418711152222,-49.2733543866645
sexta,18,CURITIBA,JARDIM BOTANICO,Masculino,92,-25.4650588942208,-49.2345616794554
sexta,13,CURITIBA,BOQUEIRAO,Feminino,26,-25.5117406,-49.236536
sabado,9,CURITIBA,CAMPO COMPRIDO,Feminino,64,-25.4607479170419,-49.3357772861937
domingo,0,CURITIBA,CIDADE INDUSTRIAL,Masculino,37,-25.493616293334,-49.3317758720095
sabado,13,CURITIBA,ABRANCHES,Masculino,6,-25.458189,-49.1943509
quinta,19,CURITIBA,REBOUCAS,Masculino,43,-25.4450351,-49.281768
quinta,13,CURITIBA,TARUMA,Feminino,14,-25.4417213,-49.2325424
quinta,9,CURITIBA,CENTRO CIVICO,Masculino,77,-25.4235639035399,-49.2677823166201
sabado,20,CURITIBA,UBERABA,Masculino,41,-25.4864573,-49.2036619
segunda,5,CURITIBA,UBERABA,Masculino,32,-25.444374,-49.2751219
sexta,12,CURITIBA,HAUER,Feminino,74,-25.4760181169965,-49.2486539502862
segunda,8,CURITIBA,BATEL,Feminino,41,-25.4389025,-49.2912399
sabado,2,CURITIBA,SAO BRAZ,Masculino,33,-25.4125037,-49.3555382
segunda,14,CURITIBA,PRADO VELHO,Masculino,33,-25.4480629,-49.2569001
segunda,16,CURITIBA,JARDIM SOCIAL,Masculino,20,-25.417984,-49.2696243
segunda,22,CURITIBA,UBERABA,Masculino,35,-25.4789664359593,-49.2255924901438
segunda,22,CURITIBA,UBERABA,Masculino,41,-25.4789664359593,-49.2255924901438
segunda,19,CURITIBA,CIDADE INDUSTRIAL,Feminino,36,-25.4418502,-49.2644941
terça,8,CURITIBA,JUVEVE,Feminino,47,-25.4139913,-49.2607359
terça,11,CURITIBA,MERCES,Masculino,81,-25.4208958,-49.2856783
segunda,23,CURITIBA,SITIO CERCADO,Masculino,46,-25.5417024291809,-49.2731210043536
terça,13,CURITIBA,BATEL,Masculino,64,-25.4450591626653,-49.2898934490234
terça,13,CURITIBA,SANTA CANDIDA,Feminino,82,-25.3831012094409,-49.2289738875409
terça,17,CURITIBA,CENTRO,Masculino,44,-25.4363679838585,-49.2636423408017
terça,18,CURITIBA,CENTRO,Feminino,60,-25.452354,-49.2696071
terça,18,CURITIBA,CENTRO,Masculino,37,-25.452354,-49.2696071
terça,8,CURITIBA,REBOUCAS,Masculino,21,-25.4476146,-49.2746332
terça,8,CURITIBA,REBOUCAS,Feminino,59,-25.4476146,-49.2746332
quarta,17,CURITIBA,REBOUCAS,Feminino,66,-25.4511853371439,-49.271987150802
quarta,14,CURITIBA,JARDIM DAS AMERICAS,Feminino,19,-25.4418502,-49.2644941
quarta,12,CURITIBA,BARREIRINHA,Masculino,84,-25.3805505,-49.2614333
quinta,8,CURITIBA,BAIRRO ALTO,Masculino,53,-24.490404,-51.731194
quinta,13,CURITIBA,PORTAO,Feminino,68,-25.4713135,-49.2943263
quinta,16,CURITIBA,NOVO MUNDO,Masculino,57,-25.4891639187594,-49.3102489140355
quinta,14,CURITIBA,FAZENDINHA,Masculino,36,-25.4856234,-49.3287935
sexta,8,CURITIBA,CRISTO REI,Masculino,36,-25.4417213,-49.2325424
sexta,8,CURITIBA,CRISTO REI,Feminino,53,-25.4417213,-49.2325424
sexta,11,CURITIBA,CENTRO,Masculino,45,-25.4350706496068,-49.2815039927535
sexta,17,CURITIBA,FANNY,Masculino,54,,
sexta,19,CURITIBA,CIDADE INDUSTRIAL,Masculino,18,-25.4962233,-49.3352129
sexta,21,CURITIBA,BOA VISTA,Masculino,72,-25.393585,-49.2420288
sabado,17,CURITIBA,CENTRO,Masculino,54,-25.43049766211,-49.2722212517651
sabado,23,CURITIBA,SAO FRANCISCO,Masculino,53,-25.4283558,-49.2727099
segunda,8,CURITIBA,BACACHERI,Feminino,24,-25.4040125566398,-49.246024491618
segunda,16,CURITIBA,CENTRO,Masculino,52,-25.4422947,-49.2606801
segunda,18,CURITIBA,BOA VISTA,Feminino,84,-25.3903151,-49.2583766
terça,7,CURITIBA,BACACHERI,Masculino,25,-25.4658264,-49.2851917
terça,7,CURITIBA,BACACHERI,Masculino,42,-25.4658264,-49.2851917
sabado,10,CURITIBA,BOM RETIRO,Feminino,59,-25.4130877,-49.2792735
sabado,21,CURITIBA,BAIRRO ALTO,Masculino,59,-25.393354,-49.2512171
quarta,12,CURITIBA,BARREIRINHA,Masculino,63,-25.365427728206,-49.2607097905567
quarta,12,CURITIBA,ATUBA,Masculino,18,-25.3839995,-49.2167322
quarta,15,CURITIBA,FAZENDINHA,Feminino,11,-25.4812925,-49.3437111
quarta,12,CURITIBA,ATUBA,Feminino,15,-25.3839995,-49.2167322
quarta,15,CURITIBA,CAMPO COMPRIDO,Masculino,15,-25.4412681501675,-49.3451969718489
quinta,14,CURITIBA,BATEL,Feminino,68,-25.4424878,-49.2879244
quinta,18,CURITIBA,CAMPO COMPRIDO,Feminino,15,-25.4655409278066,-49.3449987136657
quinta,20,CURITIBA,AGUA VERDE,Feminino,27,-25.4618701922067,-49.2911290816967
sexta,7,CURITIBA,CENTRO,Masculino,18,-25.4310621457143,-49.2687886992329
sexta,18,CURITIBA,SITIO CERCADO,Feminino,16,-25.5452239981393,-49.2651985252311
sabado,5,CURITIBA,,Masculino,28,-25.5169775,-49.2714498
domingo,16,CURITIBA,CENTRO,Masculino,44,-25.4283558,-49.2727099
domingo,10,CURITIBA,SITIO CERCADO,Feminino,37,-25.531716,-49.2765133
domingo,21,CURITIBA,CENTRO,Masculino,40,-25.4304931,-49.2754906
sexta,7,CURITIBA,JARDIM BOTANICO,Masculino,15,-25.4734762,-49.2283968
segunda,11,CURITIBA,,Feminino,71,-25.4312805396387,-49.2718347066983
sexta,7,CURITIBA,JARDIM BOTANICO,Masculino,37,-25.4734762,-49.2283968
segunda,15,CURITIBA,TARUMA,Feminino,47,-25.4290169972429,-49.2225600812108
sexta,11,CURITIBA,BOM RETIRO,Feminino,74,-25.415922,-49.2817309
sexta,14,CURITIBA,CENTRO,Masculino,51,-25.4340372015763,-49.2769891499671
domingo,3,CURITIBA,CENTRO,Masculino,26,-25.4367090266367,-49.2856301345165
quarta,17,CURITIBA,CAJURU,Feminino,50,-25.4600018278309,-49.2120271219711
quarta,7,CURITIBA,REBOUCAS,Masculino,29,-25.4429120331627,-49.2622980806687
quinta,7,CURITIBA,CRISTO REI,Masculino,74,-25.4401876,-49.2735712
quinta,8,CURITIBA,CENTRO,Feminino,63,-25.4319331681935,-49.2754717781092
quinta,16,CURITIBA,MOSSUNGUE,Feminino,54,-25.4388008,-49.3333796
sexta,14,CURITIBA,ALTO BOQUEIRAO,Masculino,84,-25.5294181397445,-49.2477579706218
sexta,17,CURITIBA,JUVEVE,Feminino,63,-25.4171921,-49.2624259
sexta,18,CURITIBA,SITIO CERCADO,Masculino,4,-25.5501100287742,-49.2629226105961
sabado,11,CURITIBA,CABRAL,Masculino,20,-25.4087829128522,-49.2532522465625
sabado,11,CURITIBA,HAUER,Masculino,37,-25.4890675103113,-49.2448968365321
sabado,19,CURITIBA,PILARZINHO,Masculino,60,-25.3893307,-49.2841001
domingo,22,CURITIBA,NOVO MUNDO,Masculino,21,-25.4950003239304,-49.2870487540132
domingo,22,CURITIBA,NOVO MUNDO,Masculino,55,-25.4950003239304,-49.2870487540132
domingo,22,CURITIBA,NOVO MUNDO,Feminino,47,-25.4950003239304,-49.2870487540132
terça,16,CURITIBA,CENTRO,Feminino,26,-25.4273866,-49.2685354
segunda,17,CURITIBA,BOQUEIRAO,Feminino,38,-25.5226993,-49.2518437
segunda,17,CURITIBA,BOQUEIRAO,Masculino,11,-25.5226993,-49.2518437
terça,9,CURITIBA,REBOUCAS,Masculino,63,-25.4467889843884,-49.2641075782874
terça,9,CURITIBA,REBOUCAS,Masculino,22,-25.4467889843884,-49.2641075782874
terça,10,CURITIBA,CIDADE INDUSTRIAL,Feminino,68,-25.50342,-49.3145801
terça,8,CURITIBA,PINHEIRINHO,Masculino,26,-25.4356711,-49.234039
terça,8,CURITIBA,PINHEIRINHO,Feminino,44,-25.4356711,-49.234039
terça,18,CURITIBA,PINHEIRINHO,Masculino,57,-25.4418502,-49.2644941
terça,19,CURITIBA,BOA VISTA,Masculino,35,-25.3980121188644,-49.2475459682148
quarta,10,CURITIBA,TATUQUARA,Masculino,50,-25.5516336,-49.2947347
quarta,18,CURITIBA,CIDADE INDUSTRIAL,Feminino,50,-25.4995072,-49.3451298
quarta,17,CURITIBA,CACHOEIRA,Masculino,44,-25.3532631,-49.2563442
quarta,20,CURITIBA,FANNY,Masculino,50,-25.4805053,-49.2651359
quarta,18,CURITIBA,ALTO BOQUEIRAO,Masculino,52,-25.55888,-49.2604464
segunda,11,CURITIBA,CENTRO CIVICO,Feminino,43,-25.4932102,-49.3477539
quinta,7,CURITIBA,UMBARA,Masculino,21,-25.5677859,-49.2856691
quarta,19,CURITIBA,CAPAO RASO,Feminino,61,-25.5137081057787,-49.3043962102964
quinta,7,CURITIBA,CENTRO,Feminino,49,-25.4334947980343,-49.2694935174048
sexta,0,CURITIBA,PAROLIN,Masculino,36,-25.444374,-49.2751219
terça,18,CURITIBA,PINHEIRINHO,Masculino,18,-25.4418502,-49.2644941
quarta,16,CURITIBA,XAXIM,Feminino,19,-25.4965928840229,-49.2722830558566
sabado,17,CURITIBA,PINHEIRINHO,Masculino,3,-25.5361483,-49.2726933
segunda,16,CURITIBA,CENTRO,Masculino,18,-25.4302419480576,-49.2691617695704
domingo,20,CURITIBA,TATUQUARA,Masculino,56,-25.560451,-49.3305674
segunda,14,CURITIBA,BATEL,Feminino,57,-25.4478086,-49.2841892
terça,9,CURITIBA,BOQUEIRAO,Feminino,75,-25.524071334706,-49.2262655977862
segunda,19,CURITIBA,UBERABA,Masculino,21,-25.3899814,-49.251122
segunda,19,CURITIBA,UBERABA,Feminino,58,-25.3899814,-49.251122
terça,10,CURITIBA,REBOUCAS,Masculino,59,-25.4436434605023,-49.2732140709466
quarta,15,CURITIBA,JUVEVE,Masculino,31,-25.4171921,-49.2624259
quarta,15,CURITIBA,JUVEVE,Masculino,20,-25.4171921,-49.2624259
quinta,8,CURITIBA,BACACHERI,Masculino,21,-25.5599711,-49.2837695
quinta,8,CURITIBA,BACACHERI,Feminino,23,-25.5599711,-49.2837695
quinta,14,CURITIBA,BOQUEIRAO,Feminino,71,-25.5147855,-49.2277145
quinta,18,CURITIBA,REBOUCAS,Feminino,11,-25.4457393323425,-49.2532314954795
quinta,11,CURITIBA,,Masculino,53,-25.4393611,-49.2853431
sexta,19,CURITIBA,PAROLIN,Masculino,28,-25.444374,-49.2751219
sexta,11,CURITIBA,REBOUCAS,Feminino,45,-25.4422878269637,-49.2606715223256
sexta,18,CURITIBA,CAJURU,Feminino,11,-25.4533463,-49.2004001
sexta,17,CURITIBA,SANTA FELICIDADE,,,-25.4418502,-49.2644941
sexta,23,CURITIBA,BOQUEIRAO,Feminino,22,-25.5068866,-49.2163531
sabado,9,CURITIBA,BOQUEIRAO,Feminino,32,-25.5121823330764,-49.2211984707631
quarta,23,CURITIBA,PINHEIRINHO,Feminino,42,-25.5323664,-49.2855047
domingo,18,CURITIBA,UMBARA,Masculino,72,-25.4418502,-49.2644941
domingo,18,CURITIBA,UMBARA,Masculino,32,-25.4418502,-49.2644941
segunda,10,CURITIBA,CENTRO,Masculino,74,-25.4352440123025,-49.275520494309
sexta,22,CURITIBA,PORTAO,Masculino,40,-25.4704511,-49.3018827
sexta,22,CURITIBA,PORTAO,Masculino,27,-25.4704511,-49.3018827
segunda,16,CURITIBA,REBOUCAS,Masculino,29,-25.4388358981792,-49.2651643563876
segunda,17,CURITIBA,CENTRO,Masculino,81,-25.4323284,-49.262692
sexta,23,CURITIBA,PORTAO,Masculino,17,-25.4770200860762,-49.292309240249
sexta,23,CURITIBA,PORTAO,Feminino,42,-25.4770200860762,-49.292309240249
terça,14,CURITIBA,SEMINARIO,Masculino,42,-25.4500280036625,-49.2948479273099
quarta,8,CURITIBA,PINHEIRINHO,Feminino,51,-25.5277934,-49.2918258
quarta,22,CURITIBA,GANCHINHO,Feminino,4,-25.555793,-49.2476593
quarta,21,CURITIBA,BOQUEIRAO,Masculino,57,-25.5117406,-49.236536
segunda,16,CURITIBA,CAMPO COMPRIDO,Feminino,65,-25.4370659,-49.3482829
quinta,13,CURITIBA,SAO BRAZ,Feminino,10,-25.4188405,-49.3484105
segunda,18,CURITIBA,PILARZINHO,Feminino,50,-25.3941563,-49.3015283
terça,14,CURITIBA,REBOUCAS,Feminino,73,-25.441714391648,-49.2550098004159
quinta,21,CURITIBA,FANNY,Masculino,53,-25.4832728,-49.2706791
quinta,13,CURITIBA,SAO BRAZ,Feminino,14,-25.4188405,-49.3484105
terça,8,CURITIBA,SITIO CERCADO,Masculino,16,-25.5422537619209,-49.2728769479759
terça,19,CURITIBA,CAMPO DE SANTANA,Feminino,40,-25.5846392389828,-49.3401301143203
terça,19,CURITIBA,CAMPO DE SANTANA,Masculino,15,-25.5846392389828,-49.3401301143203
sexta,17,CURITIBA,PINHEIRINHO,Masculino,52,-24.490404,-51.731194
sabado,10,CURITIBA,TATUQUARA,Masculino,63,-25.3664913,-49.2681827
sabado,14,CURITIBA,BOQUEIRAO,Feminino,41,-25.5237999309191,-49.2334965866657
quinta,13,CURITIBA,SAO BRAZ,Feminino,47,-25.4188405,-49.3484105
segunda,10,CURITIBA,CAXIMBA,Masculino,4,-25.4106996,-49.2530218
segunda,8,CURITIBA,BOQUEIRAO,Feminino,47,-25.495773,-49.2389952
quinta,18,CURITIBA,MOSSUNGUE,Masculino,39,-25.4418502,-49.2644941
terça,12,CURITIBA,CAPAO DA IMBUIA,Masculino,16,-25.4373396,-49.211103
terça,17,CURITIBA,BAIRRO ALTO,Masculino,38,-25.4051295,-49.203291
terça,17,CURITIBA,SANTA CANDIDA,Masculino,81,-25.3923531,-49.2396049
terça,8,CURITIBA,PAROLIN,Feminino,35,-25.467104,-49.2602363
quarta,7,CURITIBA,CENTRO,Masculino,31,-25.4329142629111,-49.2727925802858
quarta,19,CURITIBA,CIDADE INDUSTRIAL,Feminino,48,-25.448686,-49.2616709
quinta,1,CURITIBA,SAO BRAZ,,,-25.4242571,-49.3383635
terça,7,CURITIBA,BUTIATUVINHA,Feminino,10,-25.4089185,-49.3222402
sabado,0,CURITIBA,XAXIM,Masculino,38,-25.5000655560754,-49.2668885051063
segunda,22,CURITIBA,CENTRO,Masculino,31,-25.435885784715,-49.2624040131826
quinta,15,CURITIBA,SANTA CANDIDA,Masculino,36,-25.3700157,-49.2346247
sexta,13,CURITIBA,,Feminino,52,-25.4019146,-49.2596377
sexta,8,CURITIBA,CAPAO RASO,Feminino,56,-25.4630561,-49.3087346
sexta,21,CURITIBA,CAMPINA DO SIQUEIRA,,,-25.4400514,-49.3158173
sexta,20,CURITIBA,JARDIM BOTANICO,Masculino,53,-25.575181,-49.3321683
sexta,21,CURITIBA,CAMPINA DO SIQUEIRA,Masculino,27,-25.4400514,-49.3158173
domingo,22,CURITIBA,XAXIM,Masculino,22,-25.5516336,-49.2947347
sabado,16,CURITIBA,CIDADE INDUSTRIAL,Masculino,8,-25.4599067,-49.2671588
sabado,21,CURITIBA,BOQUEIRAO,Masculino,43,-25.5240569,-49.233749
domingo,3,CURITIBA,HAUER,Masculino,43,-25.4542932,-49.2951735
domingo,12,CURITIBA,SITIO CERCADO,Feminino,49,-25.5439486,-49.2590511
domingo,16,CURITIBA,CIDADE INDUSTRIAL,Masculino,10,-25.4418502,-49.2644941
segunda,15,CURITIBA,SANTA FELICIDADE,Masculino,55,-25.4002461,-49.3113074
segunda,18,CURITIBA,SITIO CERCADO,Masculino,11,-25.5404332,-49.2754705
segunda,8,CURITIBA,XAXIM,Masculino,37,-25.4542932,-49.2951735
terça,9,CURITIBA,CENTRO,Feminino,23,-25.4445306,-49.2843874
terça,17,CURITIBA,JARDIM DAS AMERICAS,Masculino,19,-25.4205484,-49.3590994
domingo,22,CURITIBA,TATUQUARA,Feminino,41,-25.4231412,-49.277682
quarta,12,CURITIBA,CIDADE INDUSTRIAL,Masculino,23,-25.4205484,-49.3590994
sexta,13,CURITIBA,MERCES,Masculino,85,-25.5174732,-49.2877456
sexta,8,CURITIBA,CENTRO CIVICO,Feminino,25,-25.5629646,-49.3336661
sexta,12,CURITIBA,BOQUEIRAO,Feminino,75,-25.494186,-49.2476627
domingo,22,CURITIBA,PINHEIRINHO,Masculino,39,-25.4418502,-49.2644941
sexta,19,CURITIBA,XAXIM,Masculino,71,-25.4959442,-49.2904673
sabado,13,CURITIBA,CIDADE INDUSTRIAL,Masculino,38,-25.4553587,-49.3586051
domingo,20,CURITIBA,BOQUEIRAO,Masculino,39,-25.4933619,-49.2342253
segunda,9,CURITIBA,LINDOIA,Feminino,74,-25.4799718,-49.2737137
segunda,10,CURITIBA,JARDIM SOCIAL,Feminino,75,-25.417416,-49.2395369
segunda,17,CURITIBA,CAPAO RASO,Feminino,12,-25.5254118,-49.2491753
segunda,15,CURITIBA,CENTRO,Feminino,50,-25.4305533,-49.2771714
segunda,19,CURITIBA,,Masculino,54,-25.4390927,-49.2747055
segunda,12,CURITIBA,ALTO DA RUA XV,Feminino,36,-25.4189648,-49.2612203
segunda,19,CURITIBA,PINHEIRINHO,Masculino,41,-25.5381739,-49.2966544
segunda,19,CURITIBA,PINHEIRINHO,Masculino,59,-25.5381739,-49.2966544
terça,20,CURITIBA,CAJURU,Masculino,40,-25.5079132,-49.2702236
quarta,8,CURITIBA,JARDIM SOCIAL,Feminino,16,-25.4108904,-49.2247018
quarta,13,CURITIBA,CENTRO,Masculino,15,-25.4365721,-49.2679246
sexta,18,CURITIBA,PILARZINHO,,,-25.403116,-49.2752053
quarta,13,CURITIBA,PAROLIN,Feminino,73,-25.4400348,-49.2771161
quarta,18,CURITIBA,CENTRO,Masculino,25,-25.4286364,-49.2682911
quarta,18,CURITIBA,CENTRO,Feminino,22,-25.4286364,-49.2682911
quarta,20,CURITIBA,JARDIM BOTANICO,Masculino,43,-25.4226317,-49.2301504
quarta,20,CURITIBA,CIDADE INDUSTRIAL,Masculino,19,-25.4418502,-49.2644941
quarta,17,CURITIBA,SITIO CERCADO,Masculino,12,-25.5438026,-49.2731472
quarta,22,CURITIBA,BUTIATUVINHA,Feminino,30,-25.3881914,-49.3381559
sexta,15,CURITIBA,SAO LOURENCO,Masculino,48,-25.3809056,-49.2702078
segunda,14,CURITIBA,CRISTO REI,Masculino,20,-25.5629646,-49.3336661
segunda,17,CURITIBA,CENTRO,Feminino,26,-25.4295331,-49.2732657
segunda,18,CURITIBA,CENTRO,Feminino,66,-25.4263366,-49.2794734
quinta,16,CURITIBA,CIDADE INDUSTRIAL,Masculino,83,-25.4548991,-49.2709885
sexta,8,CURITIBA,CENTRO,Masculino,57,-25.4361331,-49.2715597
sexta,12,CURITIBA,XAXIM,Masculino,25,-25.5418932,-49.2901777
sexta,12,CURITIBA,XAXIM,Masculino,82,-25.5418932,-49.2901777
sexta,12,CURITIBA,AHU,Masculino,39,-25.3924807,-49.2595333
sexta,19,CURITIBA,CIDADE INDUSTRIAL,Masculino,37,-25.5274414,-49.3376253
sexta,18,CURITIBA,BOQUEIRAO,Feminino,54,-25.4205484,-49.3590994
sexta,18,CURITIBA,PILARZINHO,Feminino,43,-25.4134425,-49.2796196
quarta,21,CURITIBA,CIDADE INDUSTRIAL,Masculino,12,-25.4935915,-49.3512702
sabado,20,CURITIBA,GANCHINHO,Masculino,59,-25.4977069,-49.3454716
sabado,23,CURITIBA,NOVO MUNDO,Masculino,65,-25.4822094,-49.2010518
domingo,22,CURITIBA,PINHEIRINHO,,,-25.4418502,-49.2644941
domingo,23,CURITIBA,REBOUCAS,Masculino,24,-25.4545241,-49.2136238
sexta,17,CURITIBA,PINHEIRINHO,Feminino,24,-25.5216729,-49.2706173
sexta,17,CURITIBA,PINHEIRINHO,Masculino,0,-25.5216729,-49.2706173
segunda,12,CURITIBA,SITIO CERCADO,Feminino,43,-25.5506451,-49.2565049
segunda,17,CURITIBA,BOQUEIRAO,Feminino,44,-25.4947909,-49.2408236
terça,16,CURITIBA,JARDIM BOTANICO,Feminino,58,-25.3620142,-49.2233428
segunda,19,CURITIBA,BACACHERI,Feminino,63,-25.4064694,-49.2412712
sexta,19,CURITIBA,UBERABA,Masculino,13,-25.4869083,-49.2038217
terça,10,CURITIBA,CIDADE INDUSTRIAL,Masculino,27,-25.4516884,-49.3604758
terça,9,CURITIBA,NOVO MUNDO,Masculino,47,-25.4912305,-49.2881608
terça,17,CURITIBA,JUVEVE,Masculino,4,-25.4149146,-49.2653667
quarta,9,CURITIBA,CIDADE INDUSTRIAL,Masculino,42,-25.492779,-49.3350858
quinta,7,CURITIBA,CENTRO,Feminino,54,-25.4418502,-49.2644941
quinta,22,CURITIBA,CIDADE INDUSTRIAL,Masculino,61,-25.5623786,-49.2695311
terça,20,CURITIBA,SAO BRAZ,Masculino,58,-25.4186639,-49.3549282
sexta,12,CURITIBA,BARREIRINHA,Masculino,75,-25.3752563,-49.2620629
sexta,13,CURITIBA,HAUER,Masculino,30,-25.485165,-49.2523651
sexta,17,CURITIBA,CENTRO,Feminino,62,-25.4418502,-49.2644941
sexta,17,CURITIBA,CENTRO,Feminino,38,-25.4418502,-49.2644941
sexta,17,CURITIBA,CENTRO,Feminino,32,-25.4418502,-49.2644941
sexta,12,CURITIBA,CENTRO,Masculino,42,-25.4342265,-49.2753414
sexta,12,CURITIBA,CENTRO,Masculino,31,-25.4342265,-49.2753414
sexta,16,CURITIBA,AHU,Feminino,45,-25.4076902,-49.2642322
sexta,23,CURITIBA,PILARZINHO,Feminino,16,-25.3897801,-49.2947136
sexta,23,CURITIBA,PILARZINHO,Masculino,20,-25.3897801,-49.2947136
quarta,7,CURITIBA,SITIO CERCADO,Feminino,57,-25.5586429,-49.258782
sabado,12,CURITIBA,SITIO CERCADO,Masculino,82,-25.4508214,-49.2756812
quarta,22,CURITIBA,PORTAO,Masculino,25,-25.4418502,-49.2644941
sabado,14,CURITIBA,GANCHINHO,Feminino,10,-25.5124475,-49.2674018
quinta,9,CURITIBA,CENTRO,Feminino,33,-25.4418502,-49.2644941
domingo,22,CURITIBA,AGUA VERDE,Feminino,22,-25.4635525,-49.2893383
domingo,23,CURITIBA,BOA VISTA,Masculino,19,-25.3886013,-49.2352418
segunda,10,CURITIBA,CIDADE INDUSTRIAL,Feminino,69,-25.4847744,-49.3521099
sabado,9,CURITIBA,CENTRO CIVICO,Feminino,87,-25.4229291,-49.2700499
quarta,16,CURITIBA,TATUQUARA,Feminino,16,-25.5798811,-49.3345063
quarta,16,CURITIBA,UBERABA,Feminino,70,-25.4527934,-49.2068064
quarta,18,CURITIBA,XAXIM,Feminino,24,-25.4418502,-49.2644941
quinta,0,CURITIBA,CENTRO,Masculino,45,-25.430822,-49.2726664
quinta,5,CURITIBA,PRADO VELHO,Feminino,30,-25.4483786,-49.2468318
segunda,18,CURITIBA,REBOUCAS,Feminino,35,-25.4448261,-49.2672194
terça,16,CURITIBA,PAROLIN,Masculino,16,-25.4574318,-49.2589389
quinta,14,CURITIBA,CENTRO CIVICO,Feminino,67,-25.5629646,-49.3336661
terça,12,CURITIBA,FAZENDINHA,Feminino,51,-25.4774083,-49.3130475
sexta,15,CURITIBA,ALTO DA RUA XV,Feminino,33,-25.4266184,-49.2449423
terça,15,CURITIBA,BARREIRINHA,,,-25.3805505,-49.2614333
sexta,15,CURITIBA,CIDADE INDUSTRIAL,Masculino,56,-25.4910036,-49.3337604
sabado,16,CURITIBA,TATUQUARA,Feminino,76,-25.5633839,-49.3302027
sabado,19,CURITIBA,MOSSUNGUE,Feminino,6,-25.4754327,-49.2935684
sabado,19,CURITIBA,MOSSUNGUE,Feminino,50,-25.4754327,-49.2935684
sabado,18,CURITIBA,ATUBA,Masculino,38,-25.4817909,-49.2862755
domingo,12,CURITIBA,JARDIM BOTANICO,Feminino,45,-25.5572706,-49.2436789
domingo,12,CURITIBA,BARREIRINHA,Feminino,47,-25.3634471,-49.2625329
sabado,20,CURITIBA,CIDADE INDUSTRIAL,Feminino,29,-25.4816069,-49.3446542
segunda,7,CURITIBA,CIDADE INDUSTRIAL,,,-25.4418502,-49.2644941
terça,19,CURITIBA,SANTA FELICIDADE,Masculino,42,-25.4076546,-49.3081239
sabado,12,CURITIBA,CENTRO,Masculino,32,-25.4323214,-49.2626839
segunda,13,CURITIBA,BAIRRO ALTO,Masculino,27,-25.4236735,-49.2022293
segunda,13,CURITIBA,BAIRRO ALTO,Feminino,4,-25.4236735,-49.2022293
quarta,22,CURITIBA,CAMPO DE SANTANA,Feminino,21,-25.5821397,-49.3381149
quinta,20,CURITIBA,PORTAO,Feminino,45,-25.4770512,-49.3081347
domingo,21,CURITIBA,SAO BRAZ,,,-25.4175594,-49.3372677
quinta,21,CURITIBA,XAXIM,Masculino,22,-25.4418502,-49.2644941
quinta,21,CURITIBA,XAXIM,Masculino,40,-25.4418502,-49.2644941
segunda,15,CURITIBA,SITIO CERCADO,Feminino,41,-25.4594602,-49.2777948
segunda,4,CURITIBA,CIDADE INDUSTRIAL,Masculino,51,-25.4702137,-49.3537896
segunda,21,CURITIBA,ALTO BOQUEIRAO,Feminino,27,-25.4205484,-49.3590994
terça,18,CURITIBA,PORTAO,Masculino,34,-25.4780802,-49.3041213
terça,18,CURITIBA,PORTAO,Feminino,26,-25.4780802,-49.3041213
terça,21,CURITIBA,ABRANCHES,Masculino,30,-25.4213627,-49.2708959
sabado,20,CURITIBA,JARDIM BOTANICO,,,-25.4418502,-49.2644941
